feature,auc_drop,auc_drop_std,base_auc
std_error,0.02848183391003467,0.015519501874372735,0.9474480968858132
face_ear_mean,0.027551903114186982,0.007752477201963814,0.9474480968858132
p95_error,0.009104671280276921,0.007071137922364648,0.9474480968858132
face_ear_std,0.00668252595155705,0.004220675466517375,0.9474480968858132
mean_error,0.006444636678200721,0.0027641081848910854,0.9474480968858132
inside_ratio_625,0.005276816608996593,0.0052975159841706036,0.9474480968858132
inside_ratio_975,0.0041522491349481605,0.003641704127991661,0.9474480968858132
median_error,0.003352076124567449,0.002061316313868892,0.9474480968858132
face_mar_max,0.0025735294117648078,0.001723196635974197,0.9474480968858132
face_yawn_count,0.002378892733564175,0.0018828545726365805,0.9474480968858132
inside_ratio_900,0.002032871972318273,0.003510128644510982,0.9474480968858132
longest_run_625,0.0011461937716263915,0.0015864035410980313,0.9474480968858132
face_blink_duration_mean,0.0008217993079584485,0.00044109165342497944,0.9474480968858132
longest_run_975,0.0005190311418684646,0.0012317500749047,0.9474480968858132
face_blink_rate,8.650519031128123e-05,0.002117169247494878,0.9474480968858132
face_long_closure_count,8.650519031128123e-05,0.0012203058805939438,0.9474480968858132
longest_run_900,6.487889273354419e-05,0.001541547005812898,0.9474480968858132
face_mar_mean,4.325259515591817e-05,0.0010134407018909878,0.9474480968858132
face_blink_count,-0.00034602076124568004,0.0010013699742898205,0.9474480968858132
face_perclos_80,-0.0020761245674740803,0.0041080858579240044,0.9474480968858132
face_ear_min,-0.0031358131487888574,0.0018356892606324565,0.9474480968858132
face_blink_amplitude_mean,-0.006033737024221386,0.0016792092446197295,0.9474480968858132
