threshold,n_tasks,positive_count,negative_count,roc_auc,best_balanced_accuracy,decision_cutoff,mannwhitney_u,rank_biserial,regime
50,80,40,40,0.6084375,0.6375,0.005944444444444445,973.5,-0.21687499999999993,overall
75,80,40,40,0.6121874999999999,0.6375,0.029645413371941938,979.5,-0.224375,overall
100,80,40,40,0.6328125,0.6375,0.04855555555555556,1012.5,-0.265625,overall
125,80,40,40,0.643125,0.65,0.10400000000000001,1029.0,-0.2862499999999999,overall
150,80,40,40,0.6475,0.6625,0.12115614595323852,1036.0,-0.29499999999999993,overall
175,80,40,40,0.6512500000000001,0.675,0.18902262067056225,1042.0,-0.3025,overall
200,80,40,40,0.653125,0.675,0.2613459595959596,1045.0,-0.3062499999999999,overall
225,80,40,40,0.6575,0.675,0.3198888888888889,1052.0,-0.31499999999999995,overall
250,80,40,40,0.6709375000000001,0.6875,0.40974242424242424,1073.5,-0.34187499999999993,overall
275,80,40,40,0.685625,0.6875,0.372875283446712,1097.0,-0.3712500000000001,overall
300,80,40,40,0.6978125000000001,0.7,0.4121793065148991,1116.5,-0.3956249999999999,overall
325,80,40,40,0.708125,0.7,0.4688470128419877,1133.0,-0.41625,overall
350,80,40,40,0.72,0.7250000000000001,0.5994864313026691,1152.0,-0.43999999999999995,overall
375,80,40,40,0.73,0.7375,0.6763888888888889,1168.0,-0.45999999999999996,overall
400,80,40,40,0.744375,0.7375,0.7112714646464646,1191.0,-0.48875,overall
425,80,40,40,0.7525,0.75,0.781,1204.0,-0.5049999999999999,overall
450,80,40,40,0.7653125000000001,0.75,0.8123888888888888,1224.5,-0.5306249999999999,overall
475,80,40,40,0.773125,0.75,0.7785555555555556,1237.0,-0.5462499999999999,overall
500,80,40,40,0.78125,0.7625,0.8042777777777778,1250.0,-0.5625,overall
525,80,40,40,0.79,0.7625,0.8353333333333333,1264.0,-0.5800000000000001,overall
550,80,40,40,0.79625,0.7625,0.8600618686868686,1274.0,-0.5925,overall
575,80,40,40,0.801875,0.775,0.8781262626262627,1283.0,-0.60375,overall
600,80,40,40,0.8075,0.7875000000000001,0.895076106542815,1292.0,-0.615,overall
625,80,40,40,0.81375,0.8,0.9096111111111111,1302.0,-0.6275,overall
650,80,40,40,0.8162499999999999,0.8,0.9133333333333333,1306.0,-0.6325000000000001,overall
675,80,40,40,0.818125,0.7875000000000001,0.9227222222222222,1309.0,-0.63625,overall
700,80,40,40,0.82125,0.7875000000000001,0.9301111111111111,1314.0,-0.6425000000000001,overall
725,80,40,40,0.8200000000000001,0.7875,0.9334795448639418,1312.0,-0.6399999999999999,overall
750,80,40,40,0.824375,0.8,0.9403333333333334,1319.0,-0.6487499999999999,overall
775,80,40,40,0.8200000000000001,0.8,0.9456353992183137,1312.0,-0.6399999999999999,overall
800,80,40,40,0.8228125000000001,0.8,0.9525,1316.5,-0.6456249999999999,overall
825,80,40,40,0.824375,0.8125,0.9572222222222222,1319.0,-0.6487499999999999,overall
850,80,40,40,0.8271875,0.775,0.9531111111111111,1323.5,-0.6543749999999999,overall
875,80,40,40,0.83,0.7875,0.9725555555555556,1328.0,-0.6599999999999999,overall
900,80,40,40,0.8309375,0.775,0.9637777777777778,1329.5,-0.661875,overall
925,80,40,40,0.8278125,0.775,0.9694444444444444,1324.5,-0.6556249999999999,overall
950,80,40,40,0.825625,0.7625,0.9530000000000001,1321.0,-0.6512500000000001,overall
975,80,40,40,0.8234374999999999,0.7625,0.9308277076898267,1317.5,-0.6468750000000001,overall
1000,80,40,40,0.8178125,0.775,0.9488333333333333,1308.5,-0.6356250000000001,overall
50,40,20,20,0.5175,0.65,0.007287599173195698,207.0,-0.03499999999999992,easy
75,40,20,20,0.525,0.65,0.020805249217135148,210.0,-0.050000000000000044,easy
100,40,20,20,0.5650000000000001,0.6499999999999999,0.057059249359616884,226.0,-0.1299999999999999,easy
125,40,20,20,0.5674999999999999,0.6499999999999999,0.09638888888888889,227.0,-0.135,easy
150,40,20,20,0.5700000000000001,0.65,0.12082281261990518,228.0,-0.1399999999999999,easy
175,40,20,20,0.575,0.675,0.18708271137351007,230.0,-0.1499999999999999,easy
200,40,20,20,0.5800000000000001,0.675,0.2673125332640204,232.0,-0.15999999999999992,easy
225,40,20,20,0.5874999999999999,0.675,0.3581621489485475,235.0,-0.17500000000000004,easy
250,40,20,20,0.61625,0.675,0.42994444444444446,246.5,-0.23249999999999993,easy
275,40,20,20,0.6375,0.675,0.48988888888888893,255.0,-0.2749999999999999,easy
300,40,20,20,0.6512499999999999,0.7,0.5775,260.5,-0.3025,easy
325,40,20,20,0.665,0.7,0.6290555555555556,266.0,-0.33000000000000007,easy
350,40,20,20,0.6775,0.7,0.5994864313026691,271.0,-0.355,easy
375,40,20,20,0.6975,0.725,0.6852066859709693,279.0,-0.395,easy
400,40,20,20,0.7125,0.725,0.7386111111111111,285.0,-0.42500000000000004,easy
425,40,20,20,0.7250000000000001,0.725,0.7753316979112885,290.0,-0.44999999999999996,easy
450,40,20,20,0.7324999999999999,0.7250000000000001,0.426953928026497,293.0,-0.4650000000000001,easy
475,40,20,20,0.7450000000000001,0.725,0.40844444444444444,298.0,-0.49,easy
500,40,20,20,0.7525000000000002,0.725,0.4623333333333333,301.0,-0.5049999999999999,easy
525,40,20,20,0.7725,0.7250000000000001,0.38520658385505513,309.0,-0.5449999999999999,easy
550,40,20,20,0.78,0.7250000000000001,0.461257677599485,312.0,-0.56,easy
575,40,20,20,0.79,0.75,0.5772185284181609,316.0,-0.5800000000000001,easy
600,40,20,20,0.8,0.775,0.6826747298822771,320.0,-0.6000000000000001,easy
625,40,20,20,0.8025,0.775,0.7218639859575999,321.0,-0.605,easy
650,40,20,20,0.81,0.775,0.7468379541761254,324.0,-0.6200000000000001,easy
675,40,20,20,0.8175,0.7749999999999999,0.8131111111111111,327.0,-0.635,easy
700,40,20,20,0.8250000000000001,0.775,0.8079173520399936,330.0,-0.6499999999999999,easy
725,40,20,20,0.825,0.775,0.8283574485504819,330.0,-0.6499999999999999,easy
750,40,20,20,0.8275,0.8,0.9399561697375768,331.0,-0.655,easy
775,40,20,20,0.83,0.8,0.9353333333333333,332.0,-0.6599999999999999,easy
800,40,20,20,0.8375,0.8,0.9509260189838079,335.0,-0.675,easy
825,40,20,20,0.8425,0.825,0.9572222222222222,337.0,-0.685,easy
850,40,20,20,0.8437500000000001,0.8,0.9510000000000001,337.5,-0.6875,easy
875,40,20,20,0.8450000000000001,0.8,0.9572222222222222,338.0,-0.69,easy
900,40,20,20,0.85,0.8,0.9637777777777778,340.0,-0.7,easy
925,40,20,20,0.85,0.8,0.9694444444444444,340.0,-0.7,easy
950,40,20,20,0.8475,0.775,0.9253103717762644,339.0,-0.6950000000000001,easy
975,40,20,20,0.8524999999999999,0.8,0.9308277076898267,341.0,-0.7050000000000001,easy
1000,40,20,20,0.8449999999999999,0.8,0.9371228213811669,338.0,-0.69,easy
50,40,20,20,0.6762499999999999,0.65,0.004452134180318734,270.5,-0.35250000000000004,hard
75,40,20,20,0.6775,0.65,0.04783333333333333,271.0,-0.355,hard
100,40,20,20,0.6925,0.65,0.0195,277.0,-0.385,hard
125,40,20,20,0.7075,0.675,0.027166666666666665,283.0,-0.41500000000000004,hard
150,40,20,20,0.72,0.675,0.12133333333333333,288.0,-0.43999999999999995,hard
175,40,20,20,0.7224999999999999,0.7,0.1633888888888889,289.0,-0.44500000000000006,hard
200,40,20,20,0.7274999999999999,0.7,0.19505555555555557,291.0,-0.45500000000000007,hard
225,40,20,20,0.73,0.7,0.24861111111111112,292.0,-0.45999999999999996,hard
250,40,20,20,0.7424999999999999,0.725,0.2997777777777778,297.0,-0.4850000000000001,hard
275,40,20,20,0.7575000000000001,0.75,0.372875283446712,303.0,-0.5149999999999999,hard
300,40,20,20,0.7649999999999999,0.75,0.4223605442176871,306.0,-0.53,hard
325,40,20,20,0.7775000000000001,0.75,0.4668480725623583,311.0,-0.5549999999999999,hard
350,40,20,20,0.79,0.75,0.511734693877551,316.0,-0.5800000000000001,hard
375,40,20,20,0.7949999999999999,0.75,0.5584444444444445,318.0,-0.5900000000000001,hard
400,40,20,20,0.81,0.775,0.5505555555555556,324.0,-0.6200000000000001,hard
425,40,20,20,0.815,0.8,0.6199444444444444,326.0,-0.6299999999999999,hard
450,40,20,20,0.8200000000000001,0.8,0.6756111111111112,328.0,-0.6399999999999999,hard
475,40,20,20,0.8225,0.825,0.7531111111111111,329.0,-0.645,hard
500,40,20,20,0.825,0.825,0.7966666666666666,330.0,-0.6499999999999999,hard
525,40,20,20,0.825,0.825,0.8353333333333333,330.0,-0.6499999999999999,hard
550,40,20,20,0.83,0.825,0.8600618686868686,332.0,-0.6599999999999999,hard
575,40,20,20,0.8325,0.825,0.8781262626262627,333.0,-0.665,hard
600,40,20,20,0.8300000000000001,0.825,0.8936729797979798,332.0,-0.6599999999999999,hard
625,40,20,20,0.8374999999999999,0.8500000000000001,0.908979797979798,335.0,-0.675,hard
650,40,20,20,0.8325,0.8500000000000001,0.9201906565656566,333.0,-0.665,hard
675,40,20,20,0.8300000000000001,0.8500000000000001,0.9314078282828282,332.0,-0.6599999999999999,hard
700,40,20,20,0.8324999999999999,0.8500000000000001,0.9440555555555556,333.0,-0.665,hard
725,40,20,20,0.8275,0.825,0.9437777777777778,331.0,-0.655,hard
750,40,20,20,0.83,0.825,0.9508333333333333,332.0,-0.6599999999999999,hard
775,40,20,20,0.8225,0.8,0.9490000000000001,329.0,-0.645,hard
800,40,20,20,0.81875,0.8,0.9565,327.5,-0.6375,hard
825,40,20,20,0.8175,0.8,0.9615555555555555,327.0,-0.635,hard
850,40,20,20,0.8225000000000001,0.8,0.9678333333333333,329.0,-0.645,hard
875,40,20,20,0.8275,0.8,0.9722222222222222,331.0,-0.655,hard
900,40,20,20,0.825,0.75,0.9431111111111111,330.0,-0.6499999999999999,hard
925,40,20,20,0.8200000000000001,0.75,0.8946666666666667,328.0,-0.6399999999999999,hard
950,40,20,20,0.8125,0.75,0.9055,325.0,-0.625,hard
975,40,20,20,0.8025,0.75,0.9153888888888888,321.0,-0.605,hard
1000,40,20,20,0.7925,0.7749999999999999,0.9601736846013887,317.0,-0.585,hard
