regime,test_subject,train_subject_count,selected_threshold,decision_cutoff,balanced_accuracy,roc_auc
overall,01,19,900,0.9788333333333333,0.5,1.0
overall,02,19,900,0.9637777777777778,0.75,1.0
overall,03,19,875,0.9725555555555556,1.0,1.0
overall,04,19,675,0.9227222222222222,0.5,0.5
overall,05,19,900,0.97004831377749,0.75,1.0
overall,06,19,900,0.97004831377749,0.75,1.0
overall,07,19,875,0.9725555555555556,0.5,1.0
overall,08,19,900,0.9396666666666667,0.5,1.0
overall,09,19,875,0.9725555555555556,1.0,1.0
overall,10,19,900,0.9637777777777778,0.5,1.0
overall,11,19,875,0.9725555555555556,0.75,1.0
overall,12,19,900,0.9637777777777778,0.75,0.75
overall,13,19,900,0.9637777777777778,0.5,1.0
overall,14,19,900,0.9396666666666667,0.5,1.0
overall,15,19,900,0.97004831377749,1.0,1.0
overall,16,19,900,0.97004831377749,1.0,1.0
overall,17,19,900,0.9396666666666667,0.75,1.0
overall,18,19,900,0.9637777777777778,0.5,0.75
overall,19,19,900,0.9637777777777778,0.5,0.0
overall,20,19,875,0.9725555555555556,0.5,1.0
easy,01,19,975,0.9308277076898267,1.0,1.0
easy,02,19,975,0.9308277076898267,0.5,1.0
easy,03,19,900,0.9637777777777778,1.0,1.0
easy,04,19,900,0.9637777777777778,1.0,1.0
easy,05,19,975,0.9308277076898267,1.0,1.0
easy,06,19,900,0.97004831377749,0.5,1.0
easy,07,19,900,0.9637777777777778,0.5,1.0
easy,08,19,975,0.9308277076898267,0.5,1.0
easy,09,19,975,0.9308277076898267,1.0,1.0
easy,10,19,900,0.9637777777777778,0.5,1.0
easy,11,19,975,0.9725955416909817,0.5,1.0
easy,12,19,900,0.9637777777777778,1.0,1.0
easy,13,19,975,0.9308277076898267,0.5,1.0
easy,14,19,925,0.9186274360214853,0.5,1.0
easy,15,19,975,0.9308277076898267,1.0,1.0
easy,16,19,975,0.9308277076898267,1.0,1.0
easy,17,19,975,0.9308277076898267,0.5,1.0
easy,18,19,900,0.9637777777777778,0.5,1.0
easy,19,19,1000,0.9371228213811669,0.5,0.0
easy,20,19,825,0.9572222222222222,0.5,1.0
hard,01,19,625,0.908979797979798,1.0,1.0
hard,02,19,625,0.913,1.0,1.0
hard,03,19,625,0.908979797979798,1.0,1.0
hard,04,19,625,0.908979797979798,0.5,0.0
hard,05,19,625,0.908979797979798,0.5,1.0
hard,06,19,625,0.908979797979798,1.0,1.0
hard,07,19,625,0.908979797979798,0.5,1.0
hard,08,19,625,0.908979797979798,1.0,1.0
hard,09,19,625,0.908979797979798,1.0,1.0
hard,10,19,625,0.908979797979798,0.5,1.0
hard,11,19,625,0.908979797979798,1.0,1.0
hard,12,19,625,0.908979797979798,1.0,1.0
hard,13,19,625,0.908979797979798,1.0,1.0
hard,14,19,875,0.9722222222222222,0.5,1.0
hard,15,19,625,0.908979797979798,1.0,1.0
hard,16,19,625,0.908979797979798,1.0,1.0
hard,17,19,625,0.908979797979798,1.0,1.0
hard,18,19,625,0.9082575757575757,1.0,1.0
hard,19,19,900,0.9787777777777777,0.0,0.0
hard,20,19,625,0.908979797979798,0.5,1.0
