subject_id,difficulty,label_name,label,mean_error,median_error,std_error,n_samples,inside_ratio_50,longest_run_50,inside_ratio_75,longest_run_75,inside_ratio_100,longest_run_100,inside_ratio_125,longest_run_125,inside_ratio_150,longest_run_150,inside_ratio_175,longest_run_175,inside_ratio_200,longest_run_200,inside_ratio_225,longest_run_225,inside_ratio_250,longest_run_250,inside_ratio_275,longest_run_275,inside_ratio_300,longest_run_300,inside_ratio_325,longest_run_325,inside_ratio_350,longest_run_350,inside_ratio_375,longest_run_375,inside_ratio_400,longest_run_400,inside_ratio_425,longest_run_425,inside_ratio_450,longest_run_450,inside_ratio_475,longest_run_475,inside_ratio_500,longest_run_500,inside_ratio_525,longest_run_525,inside_ratio_550,longest_run_550,inside_ratio_575,longest_run_575,inside_ratio_600,longest_run_600,inside_ratio_625,longest_run_625,inside_ratio_650,longest_run_650,inside_ratio_675,longest_run_675,inside_ratio_700,longest_run_700,inside_ratio_725,longest_run_725,inside_ratio_750,longest_run_750,inside_ratio_775,longest_run_775,inside_ratio_800,longest_run_800,inside_ratio_825,longest_run_825,inside_ratio_850,longest_run_850,inside_ratio_875,longest_run_875,inside_ratio_900,longest_run_900,inside_ratio_925,longest_run_925,inside_ratio_950,longest_run_950,inside_ratio_975,longest_run_975,inside_ratio_1000,longest_run_1000
01,easy,alert,1,275.1529692221975,213.0094,230.70578133421375,8974.0,0.029306886561176734,24.0,0.05560508134611099,37.0,0.08992645420102519,40.0,0.14341430800089147,53.0,0.2335636282594161,75.0,0.3345219523066637,75.0,0.4420548250501449,82.0,0.5460218408736349,86.0,0.6346110987296635,94.0,0.7112770225094718,132.0,0.7610875863605973,132.0,0.7845999554267885,172.0,0.8077780254067306,172.0,0.8281702696679296,172.0,0.8420993982616447,172.0,0.8587029195453533,183.0,0.8725206151103188,183.0,0.8890127033652775,185.0,0.8991531089815021,188.0,0.907622019166481,245.0,0.9137508357477157,325.0,0.9201025183864497,329.0,0.9264542010251838,344.0,0.931580120347671,344.0,0.9361488745264096,344.0,0.9410519277913973,344.0,0.9474036104301314,344.0,0.9516380655226209,344.0,0.9542010251838645,344.0,0.9582126142188545,505.0,0.9612213059950969,505.0,0.9627813683975931,505.0,0.9648985959438378,505.0,0.9681301537775797,506.0,0.9702473813238244,506.0,0.9714731446400713,541.0,0.9726989079563183,541.0,0.9741475373300647,541.0,0.9760418988188099,629.0
01,easy,sleepy,0,684.1756902952645,636.0637,366.09302647908595,8975.0,0.0028969359331476323,7.0,0.0072423398328690805,11.0,0.014930362116991643,12.0,0.02562674094707521,28.0,0.03721448467966574,28.0,0.048690807799442896,32.0,0.06206128133704735,32.0,0.0781058495821727,41.0,0.09816155988857939,42.0,0.11955431754874651,43.0,0.14607242339832868,43.0,0.17114206128133705,55.0,0.20167130919220055,60.0,0.22774373259052924,61.0,0.2535933147632312,61.0,0.27420612813370476,71.0,0.30250696378830083,71.0,0.3352646239554318,72.0,0.3615598885793872,73.0,0.38495821727019497,73.0,0.40768802228412254,92.0,0.4347632311977716,92.0,0.46350974930362115,100.0,0.4891364902506964,104.0,0.5167688022284123,109.0,0.5471866295264624,111.0,0.5710306406685237,116.0,0.593983286908078,131.0,0.6174930362116992,148.0,0.6371030640668524,200.0,0.658050139275766,200.0,0.6806685236768802,200.0,0.6993871866295265,201.0,0.7183286908077995,201.0,0.7360445682451253,201.0,0.7501949860724234,205.0,0.7657938718662952,205.0,0.7835097493036212,205.0,0.8010027855153203,272.0
02,easy,alert,1,328.77322920147014,322.3973,116.4847005277135,8979.0,0.0023387905111927833,4.0,0.007239113487025281,7.0,0.017039759438690277,13.0,0.029179195901548056,20.0,0.04788951999109032,27.0,0.073393473660764,70.0,0.10301815346920593,117.0,0.14957122173961465,123.0,0.22508074395812452,125.0,0.31896647733600625,171.0,0.41608196903886846,172.0,0.5101904443701971,196.0,0.6074173070497828,234.0,0.7009689274974942,380.0,0.7804878048780488,431.0,0.8409622452388907,445.0,0.8914132976946207,612.0,0.9254928165720013,629.0,0.9447599955451609,629.0,0.9595723354493819,629.0,0.9690388684708765,631.0,0.9760552400044549,783.0,0.9795077402828822,968.0,0.9826261276311393,968.0,0.9840739503285444,968.0,0.9860786279095668,1169.0,0.9874150796302483,1169.0,0.9888629023276534,1793.0,0.9900879830716115,1793.0,0.9919812896759105,1793.0,0.9944314511638267,2218.0,0.9957679028845083,3398.0,0.9964361287448491,3398.0,0.9975498385120838,3503.0,0.9977725804655306,3504.0,0.9977725804655306,3504.0,0.9979953224189776,6904.0,0.9984408063258715,6906.0,0.9987749192560419,6907.0
02,easy,sleepy,0,371.6263762255723,341.0132,198.03966663742318,8955.0,0.005583472920156337,10.0,0.016638749302065884,19.0,0.02981574539363484,39.0,0.053378001116694586,81.0,0.08598548297040759,82.0,0.11702959240647683,82.0,0.14986041317699608,83.0,0.191178112786153,90.0,0.24321608040201004,179.0,0.30206588498045783,239.0,0.37007258514796204,239.0,0.44991624790619766,239.0,0.5271915131211614,239.0,0.6041317699609157,243.0,0.6760469011725293,249.0,0.7411501954215522,250.0,0.7863763260748186,250.0,0.8208821887213847,329.0,0.8417643774427694,329.0,0.8568397543271915,329.0,0.8738135120044668,329.0,0.8855388051367951,329.0,0.8945840312674483,509.0,0.9021775544388609,509.0,0.9116694584031267,509.0,0.9200446677833612,584.0,0.9262981574539364,599.0,0.9316582914572864,599.0,0.9380234505862647,782.0,0.9430485762144054,782.0,0.9481853713009492,782.0,0.9544388609715243,782.0,0.9605806811836962,782.0,0.9654941373534338,2260.0,0.9698492462311558,2261.0,0.9740926856504746,2262.0,0.977107761027359,2381.0,0.9814628699050809,2449.0,0.9836962590731435,2449.0
03,easy,alert,1,310.4801019382868,253.3377,194.1516400035081,8977.0,0.007686309457502506,8.0,0.021499387323159185,12.0,0.040436671493817536,32.0,0.07162749248078423,41.0,0.12220118079536593,42.0,0.19516542274702017,43.0,0.28806951097248523,53.0,0.38776874234153946,87.0,0.48746797371059375,88.0,0.5740225019494263,93.0,0.6405257881252089,103.0,0.6905424974935948,107.0,0.7289740447811073,263.0,0.7593850952433998,264.0,0.788236604656344,266.0,0.8095132004010248,266.0,0.825665589840704,266.0,0.8419293750696224,266.0,0.8554082655675616,282.0,0.8684415729085441,372.0,0.8858193160298541,372.0,0.8966247075860533,372.0,0.9078756822992091,374.0,0.9201292191155175,374.0,0.9295978612008466,374.0,0.9385095243399799,374.0,0.9470870001113958,398.0,0.95455051799042,497.0,0.9626824106048791,547.0,0.967249637963685,547.0,0.9711484905870558,547.0,0.9743789684749916,548.0,0.9762726968920575,548.0,0.9796145705692325,549.0,0.9825108610894508,549.0,0.9855185473989083,1222.0,0.9871894842374959,1223.0,0.9893060042330399,1224.0,0.9909769410716275,1441.0
03,easy,sleepy,0,540.2911369766664,491.3502,274.9167837087102,8957.0,0.002121245952886011,6.0,0.0046890700011164455,10.0,0.010048007145249525,31.0,0.014960366194038182,32.0,0.021547393100368427,34.0,0.031483755721781845,44.0,0.04867701239254214,46.0,0.06709835882549961,50.0,0.08529641621078486,88.0,0.10929998883554762,88.0,0.14435636932008486,88.0,0.19158200290275762,91.0,0.23836105839008598,103.0,0.28893602768784193,103.0,0.3305794350787094,111.0,0.37199955342190466,138.0,0.4225745227196606,138.0,0.46913028915931676,138.0,0.5159093446466451,138.0,0.557999330132857,138.0,0.6071229206207436,138.0,0.6443005470581668,138.0,0.6777939042089985,138.0,0.7105057496929775,138.0,0.7461203527966953,138.0,0.7788321982806743,138.0,0.8026124818577649,138.0,0.8240482304342972,138.0,0.8410181980573853,210.0,0.854527185441554,211.0,0.8643519035391314,211.0,0.8771910237802836,211.0,0.8888020542592386,211.0,0.8988500614044881,211.0,0.9062185999776711,211.0,0.9138104275985263,211.0,0.9206207435525288,328.0,0.9278776376018756,329.0,0.9351345316512225,330.0
04,easy,alert,1,560.0789793184096,549.8336,107.22468542582891,8979.0,0.0,0.0,0.0,0.0,0.0,0.0,0.0,0.0,0.0,0.0,0.00011137097672346586,1.0,0.0006682258603407952,6.0,0.0014478226974050563,8.0,0.0023387905111927833,9.0,0.0037866132085978394,9.0,0.006014032743067156,9.0,0.010134758881835394,11.0,0.016594275531796415,12.0,0.027285889297249136,23.0,0.045662100456621,36.0,0.06570887626684487,65.0,0.110925492816572,66.0,0.17117719122396705,81.0,0.2698518766009578,81.0,0.38545495043991534,96.0,0.5007239113487025,139.0,0.6158815012807662,180.0,0.707651186100902,214.0,0.782937966365965,316.0,0.8440806325871478,319.0,0.8813899097895088,428.0,0.9116828154582916,520.0,0.9348479786167725,520.0,0.9534469317295913,719.0,0.9638044325648736,802.0,0.9707094331217285,802.0,0.9762779819579017,1241.0,0.9811783049337343,1241.0,0.9876378215836953,1798.0,0.9922040316293574,2418.0,0.994988306047444,2424.0,0.9966588706982961,2691.0,0.9967702416750195,3141.0,0.9969929836284664,3141.0
04,easy,sleepy,0,776.2093821643958,728.3948,251.57301601751686,8954.0,0.00011168192986374804,1.0,0.00022336385972749609,2.0,0.0005584096493187402,4.0,0.0008934554389099843,4.0,0.0014518650882287246,11.0,0.0016752289479562206,11.0,0.002345320527138709,11.0,0.002680366316729953,11.0,0.004132231404958678,12.0,0.00569577842305115,13.0,0.008711190529372347,13.0,0.012843421934331025,19.0,0.020884520884520884,25.0,0.025910207728389548,34.0,0.03428635246817065,40.0,0.04467277194549922,81.0,0.058521331248603974,81.0,0.07750725932544114,81.0,0.10252401161492071,82.0,0.13010944829126647,90.0,0.15490283672101854,90.0,0.1887424614697342,123.0,0.229171320080411,130.0,0.28501228501228504,235.0,0.3391780209962028,235.0,0.39245030154121063,238.0,0.4479562206834934,261.0,0.49385749385749383,282.0,0.5383069019432656,434.0,0.5746035291489837,441.0,0.6073263345990618,582.0,0.6380388653115926,582.0,0.6686397140942596,582.0,0.6948849676122404,583.0,0.7243689970962698,584.0,0.7494974313156131,588.0,0.773955773955774,679.0,0.8008711190529373,681.0,0.8211972302881394,682.0
05,easy,alert,1,454.2677622091081,442.2409,172.5382120418018,8981.0,0.001670192628883198,3.0,0.004119808484578554,6.0,0.012359425453735664,8.0,0.019262888319786214,19.0,0.029840774969379803,28.0,0.04387039305199866,30.0,0.06224251196971384,35.0,0.08428905467097206,79.0,0.10477675091860594,80.0,0.12726867832089966,80.0,0.16657387818728428,81.0,0.2067698474557399,103.0,0.2554281260438704,116.0,0.31254871395167577,136.0,0.3776862264781205,182.0,0.4464981627881082,182.0,0.5235497160672531,200.0,0.5930297294287942,237.0,0.6572764725531678,237.0,0.7119474446052778,438.0,0.7588241843892662,439.0,0.7976839995546153,439.0,0.8303084289054671,439.0,0.8587017035964815,442.0,0.8781872842667854,630.0,0.8972274802360539,631.0,0.9113684444939316,631.0,0.9285157554837992,999.0,0.9448836432468545,999.0,0.9561296069480013,1350.0,0.9673755706491483,1521.0,0.9736109564636455,1705.0,0.9800690346286605,1710.0,0.9839661507627213,2690.0,0.9855249972163456,2690.0,0.9880859592472998,2691.0,0.9898674980514419,2691.0,0.9909809598040308,3164.0,0.9919830753813607,3165.0
05,easy,sleepy,0,982.0290113258127,961.1478,446.5173237769313,8953.0,0.0007818608287724785,2.0,0.0026806656986484976,4.0,0.005696414609628058,6.0,0.010052496369931866,7.0,0.01373841170557355,8.0,0.020663464760415504,24.0,0.025689712945381436,25.0,0.03205629397967162,25.0,0.03853456941807216,38.0,0.047581816151010835,38.0,0.05484195241818385,38.0,0.06266056070590863,57.0,0.0710376410141852,57.0,0.08131352619233777,57.0,0.09561040991846309,70.0,0.10532782307606389,70.0,0.11750251312409249,70.0,0.1272199262816933,70.0,0.14051156037082543,70.0,0.15503183290517145,70.0,0.1710041326929521,89.0,0.1865296548642913,89.0,0.2026136490561823,89.0,0.22193678096727354,108.0,0.23958449681670949,110.0,0.2542164637551659,168.0,0.27175248520049144,180.0,0.29007036747458953,180.0,0.3090584161733497,180.0,0.3326259354406344,180.0,0.35597006589969843,180.0,0.3819948620574109,180.0,0.40165307718083326,182.0,0.4246621244275662,182.0,0.44588406120853347,211.0,0.46732938679772146,211.0,0.4897799620239026,219.0,0.5111135932089802,219.0,0.5349045012844856,226.0
06,easy,alert,1,515.1455199888889,502.71365000000003,188.6750572657,9000.0,0.0022222222222222222,6.0,0.0047777777777777775,17.0,0.007666666666666666,25.0,0.011222222222222222,31.0,0.017666666666666667,35.0,0.026111111111111113,62.0,0.03344444444444444,72.0,0.043555555555555556,75.0,0.069,76.0,0.09922222222222223,116.0,0.12844444444444444,118.0,0.154,179.0,0.17866666666666667,179.0,0.21166666666666667,179.0,0.25066666666666665,179.0,0.30777777777777776,180.0,0.3622222222222222,180.0,0.41733333333333333,180.0,0.4898888888888889,184.0,0.559,321.0,0.6242222222222222,370.0,0.6748888888888889,540.0,0.7215555555555555,540.0,0.7581111111111111,540.0,0.7931111111111111,540.0,0.8236666666666667,624.0,0.849,713.0,0.8691111111111111,728.0,0.8894444444444445,728.0,0.9102222222222223,728.0,0.927,900.0,0.9406666666666667,904.0,0.9536666666666667,1740.0,0.9598888888888889,1742.0,0.9638888888888889,1749.0,0.9698888888888889,2160.0,0.973,2161.0,0.9792222222222222,2173.0,0.9821111111111112,2173.0
06,easy,sleepy,0,853.2952144555555,804.6035999999999,452.23974575937956,9000.0,0.0047777777777777775,14.0,0.008666666666666666,27.0,0.012222222222222223,27.0,0.01633333333333333,30.0,0.02322222222222222,41.0,0.03111111111111111,60.0,0.03766666666666667,60.0,0.044,60.0,0.049444444444444444,61.0,0.058333333333333334,61.0,0.06844444444444445,80.0,0.07944444444444444,80.0,0.08977777777777778,81.0,0.10511111111111111,82.0,0.123,82.0,0.14366666666666666,82.0,0.16411111111111112,82.0,0.18744444444444444,82.0,0.21188888888888888,82.0,0.2371111111111111,82.0,0.2608888888888889,83.0,0.2822222222222222,84.0,0.3075555555555556,96.0,0.33055555555555555,100.0,0.35755555555555557,107.0,0.381,107.0,0.40066666666666667,120.0,0.42088888888888887,124.0,0.45,124.0,0.4747777777777778,124.0,0.49533333333333335,170.0,0.5232222222222223,170.0,0.5493333333333333,170.0,0.5707777777777778,170.0,0.598,189.0,0.6233333333333333,215.0,0.6461111111111111,217.0,0.6747777777777778,248.0,0.7026666666666667,248.0
07,easy,alert,1,824.4123346888889,848.9965,315.8095681907779,9000.0,0.0017777777777777779,4.0,0.0033333333333333335,5.0,0.007,6.0,0.011333333333333334,8.0,0.016,9.0,0.020555555555555556,10.0,0.025777777777777778,11.0,0.03155555555555556,11.0,0.03922222222222222,15.0,0.045,15.0,0.050222222222222224,15.0,0.059444444444444446,15.0,0.06855555555555555,17.0,0.07644444444444444,23.0,0.08666666666666667,23.0,0.09744444444444444,23.0,0.10877777777777778,23.0,0.12277777777777778,24.0,0.13966666666666666,25.0,0.15466666666666667,25.0,0.17555555555555555,26.0,0.19744444444444445,34.0,0.2252222222222222,34.0,0.25166666666666665,35.0,0.2821111111111111,56.0,0.30577777777777776,81.0,0.329,81.0,0.3566666666666667,95.0,0.3794444444444444,100.0,0.4081111111111111,115.0,0.43577777777777776,132.0,0.4703333333333333,204.0,0.5024444444444445,284.0,0.5396666666666666,284.0,0.5727777777777778,284.0,0.6107777777777778,286.0,0.65,286.0,0.6916666666666667,449.0,0.7318888888888889,449.0
07,easy,sleepy,0,1123.6350281888888,1072.87235,487.9192523699587,9000.0,0.00044444444444444447,3.0,0.0007777777777777777,4.0,0.0014444444444444444,4.0,0.0028888888888888888,4.0,0.004555555555555556,6.0,0.006666666666666667,9.0,0.008555555555555556,10.0,0.010777777777777778,11.0,0.014666666666666666,11.0,0.018111111111111113,13.0,0.020888888888888887,13.0,0.025777777777777778,22.0,0.030222222222222223,22.0,0.034777777777777776,22.0,0.04055555555555555,22.0,0.04588888888888889,22.0,0.052444444444444446,22.0,0.05977777777777778,22.0,0.07222222222222222,23.0,0.08188888888888889,25.0,0.09277777777777778,37.0,0.10455555555555555,40.0,0.11644444444444445,42.0,0.12877777777777777,44.0,0.14577777777777778,44.0,0.16466666666666666,44.0,0.18777777777777777,44.0,0.2058888888888889,44.0,0.22466666666666665,44.0,0.24566666666666667,54.0,0.2624444444444444,55.0,0.28355555555555556,55.0,0.30433333333333334,56.0,0.32511111111111113,89.0,0.3482222222222222,91.0,0.371,91.0,0.3908888888888889,91.0,0.41644444444444445,91.0,0.43777777777777777,92.0
08,easy,alert,1,229.33135241111108,187.86695,170.25000837662967,9000.0,0.026444444444444444,21.0,0.07366666666666667,26.0,0.15233333333333332,44.0,0.24755555555555556,88.0,0.34155555555555556,88.0,0.4424444444444444,111.0,0.5504444444444444,131.0,0.632,138.0,0.7112222222222222,144.0,0.768,151.0,0.812,155.0,0.8452222222222222,171.0,0.8671111111111112,171.0,0.8844444444444445,197.0,0.8988888888888888,197.0,0.9053333333333333,197.0,0.9136666666666666,285.0,0.9211111111111111,285.0,0.9282222222222222,285.0,0.9344444444444444,285.0,0.9398888888888889,296.0,0.9452222222222222,296.0,0.9504444444444444,296.0,0.9538888888888889,296.0,0.9581111111111111,406.0,0.9635555555555556,607.0,0.9668888888888889,607.0,0.971,607.0,0.9737777777777777,607.0,0.9782222222222222,778.0,0.98,778.0,0.9808888888888889,778.0,0.9837777777777778,778.0,0.9861111111111112,780.0,0.9876666666666667,817.0,0.9894444444444445,955.0,0.9907777777777778,956.0,0.9926666666666667,956.0,0.9945555555555555,1251.0
08,easy,sleepy,0,331.1641374666667,257.56645000000003,253.62474827275258,9000.0,0.03188888888888889,18.0,0.07188888888888889,27.0,0.121,48.0,0.19055555555555556,65.0,0.25722222222222224,69.0,0.32755555555555554,78.0,0.3883333333333333,114.0,0.44044444444444447,119.0,0.48644444444444446,139.0,0.5261111111111111,152.0,0.5643333333333334,152.0,0.6018888888888889,180.0,0.6406666666666667,180.0,0.6694444444444444,180.0,0.6981111111111111,180.0,0.725,180.0,0.7507777777777778,221.0,0.7777777777777778,255.0,0.8004444444444444,255.0,0.8192222222222222,276.0,0.8333333333333334,278.0,0.8495555555555555,296.0,0.8633333333333333,296.0,0.8763333333333333,296.0,0.89,297.0,0.9012222222222223,342.0,0.911,342.0,0.918,342.0,0.9226666666666666,342.0,0.9296666666666666,407.0,0.9368888888888889,603.0,0.9438888888888889,603.0,0.9483333333333334,603.0,0.9545555555555556,603.0,0.9636666666666667,792.0,0.969,792.0,0.9735555555555555,792.0,0.9763333333333334,902.0,0.9787777777777777,1645.0
09,easy,alert,1,194.1905531222222,140.2694,172.64762214723493,9000.0,0.06955555555555555,34.0,0.1537777777777778,59.0,0.26255555555555554,67.0,0.4021111111111111,82.0,0.5585555555555556,82.0,0.6715555555555556,82.0,0.741,91.0,0.7804444444444445,92.0,0.8016666666666666,92.0,0.8186666666666667,92.0,0.839,102.0,0.8572222222222222,150.0,0.8692222222222222,150.0,0.8808888888888889,151.0,0.8896666666666667,154.0,0.8985555555555556,179.0,0.9066666666666666,179.0,0.9151111111111111,179.0,0.9227777777777778,236.0,0.9316666666666666,236.0,0.9383333333333334,269.0,0.9448888888888889,278.0,0.9523333333333334,332.0,0.9574444444444444,363.0,0.9616666666666667,502.0,0.9667777777777777,572.0,0.9726666666666667,579.0,0.976,1079.0,0.9788888888888889,1082.0,0.981,1155.0,0.9833333333333333,1155.0,0.987,1484.0,0.9896666666666667,1484.0,0.9916666666666667,1890.0,0.9937777777777778,1984.0,0.9956666666666667,1984.0,0.9962222222222222,1984.0,0.9972222222222222,3049.0,0.9975555555555555,3049.0
09,easy,sleepy,0,646.3791822555555,544.2816,535.0395117201471,9000.0,0.006888888888888889,10.0,0.016777777777777777,16.0,0.030555555555555555,23.0,0.041666666666666664,30.0,0.06377777777777778,47.0,0.08933333333333333,48.0,0.117,50.0,0.14077777777777778,51.0,0.16466666666666666,51.0,0.192,64.0,0.22355555555555556,68.0,0.25277777777777777,74.0,0.277,99.0,0.3015555555555556,99.0,0.325,99.0,0.34933333333333333,99.0,0.37377777777777776,100.0,0.39955555555555555,101.0,0.43477777777777776,101.0,0.4718888888888889,121.0,0.507,122.0,0.5385555555555556,123.0,0.5766666666666667,124.0,0.6118888888888889,124.0,0.6504444444444445,125.0,0.6835555555555556,126.0,0.7138888888888889,127.0,0.7391111111111112,133.0,0.7582222222222222,266.0,0.7741111111111111,266.0,0.7902222222222223,266.0,0.8036666666666666,266.0,0.8177777777777778,268.0,0.8286666666666667,268.0,0.8405555555555555,268.0,0.853,268.0,0.8623333333333333,269.0,0.8705555555555555,269.0,0.8767777777777778,312.0
10,easy,alert,1,285.83831216666664,264.75365,166.76001764904066,9000.0,0.03177777777777778,49.0,0.06966666666666667,66.0,0.12477777777777778,68.0,0.1827777777777778,81.0,0.22844444444444445,82.0,0.2787777777777778,82.0,0.3338888888888889,93.0,0.399,93.0,0.4622222222222222,111.0,0.5254444444444445,113.0,0.5906666666666667,113.0,0.6562222222222223,143.0,0.7077777777777777,180.0,0.7453333333333333,180.0,0.7791111111111111,182.0,0.8137777777777778,217.0,0.8428888888888889,353.0,0.8688888888888889,355.0,0.8892222222222222,585.0,0.9056666666666666,589.0,0.9232222222222223,1018.0,0.9397777777777778,1091.0,0.9545555555555556,1092.0,0.9621111111111111,1185.0,0.9685555555555555,1831.0,0.9744444444444444,1832.0,0.9782222222222222,1852.0,0.9824444444444445,1852.0,0.9865555555555555,1854.0,0.9896666666666667,1858.0,0.9918888888888889,2989.0,0.9932222222222222,3639.0,0.994,5086.0,0.9948888888888889,5088.0,0.9961111111111111,5089.0,0.9974444444444445,5091.0,0.9985555555555555,8284.0,0.9992222222222222,8284.0,0.9993333333333333,8284.0
10,easy,sleepy,0,345.65448557777773,307.2556,194.1812069487883,9000.0,0.011333333333333334,10.0,0.02588888888888889,16.0,0.04577777777777778,17.0,0.08688888888888889,21.0,0.133,65.0,0.179,74.0,0.24533333333333332,74.0,0.31133333333333335,74.0,0.3761111111111111,75.0,0.43377777777777776,75.0,0.48544444444444446,81.0,0.54,91.0,0.5915555555555555,92.0,0.635,94.0,0.6712222222222223,173.0,0.7016666666666667,173.0,0.734,173.0,0.7637777777777778,180.0,0.7946666666666666,181.0,0.8237777777777778,234.0,0.8473333333333334,387.0,0.8691111111111111,454.0,0.8895555555555555,459.0,0.9078888888888889,479.0,0.9214444444444444,680.0,0.9365555555555556,971.0,0.9472222222222222,971.0,0.9556666666666667,1473.0,0.9631111111111111,1475.0,0.9713333333333334,1477.0,0.9783333333333334,1477.0,0.9832222222222222,1478.0,0.9882222222222222,1892.0,0.9912222222222222,1993.0,0.9934444444444445,2779.0,0.9938888888888889,3610.0,0.9947777777777778,3610.0,0.996,3614.0,0.9964444444444445,3614.0
11,easy,alert,1,520.7381009222222,458.8562,245.02563061944974,9000.0,0.00044444444444444447,3.0,0.0012222222222222222,5.0,0.0025555555555555557,5.0,0.004888888888888889,9.0,0.008333333333333333,9.0,0.012888888888888889,13.0,0.01911111111111111,16.0,0.030333333333333334,18.0,0.04544444444444445,28.0,0.06988888888888889,69.0,0.09866666666666667,106.0,0.14233333333333334,135.0,0.20033333333333334,138.0,0.26022222222222224,140.0,0.331,187.0,0.4027777777777778,191.0,0.4747777777777778,191.0,0.5415555555555556,191.0,0.6032222222222222,194.0,0.6594444444444445,203.0,0.6978888888888889,204.0,0.7314444444444445,204.0,0.7593333333333333,204.0,0.7848888888888889,204.0,0.8057777777777778,205.0,0.826,206.0,0.8385555555555556,236.0,0.8526666666666667,236.0,0.8651111111111112,236.0,0.8775555555555555,237.0,0.8872222222222222,237.0,0.8944444444444445,237.0,0.902,237.0,0.91,237.0,0.9166666666666666,237.0,0.9234444444444444,278.0,0.93,278.0,0.9337777777777778,278.0,0.9391111111111111,278.0
11,easy,sleepy,0,662.7898226333333,595.3125,322.1219959367104,9000.0,0.0007777777777777777,3.0,0.002111111111111111,4.0,0.0047777777777777775,10.0,0.0077777777777777776,12.0,0.009666666666666667,12.0,0.013777777777777778,14.0,0.020666666666666667,16.0,0.02711111111111111,23.0,0.03988888888888889,25.0,0.051555555555555556,65.0,0.06166666666666667,89.0,0.07411111111111111,90.0,0.094,90.0,0.119,90.0,0.152,90.0,0.18611111111111112,90.0,0.2242222222222222,90.0,0.26,124.0,0.3011111111111111,125.0,0.3492222222222222,125.0,0.4061111111111111,152.0,0.4587777777777778,153.0,0.5082222222222222,153.0,0.5427777777777778,154.0,0.5858888888888889,189.0,0.6244444444444445,206.0,0.6606666666666666,221.0,0.6897777777777778,310.0,0.7182222222222222,310.0,0.7476666666666667,310.0,0.7754444444444445,310.0,0.7982222222222223,319.0,0.8122222222222222,529.0,0.828,685.0,0.8413333333333334,685.0,0.8501111111111112,685.0,0.8615555555555555,733.0,0.8728888888888889,734.0,0.8836666666666667,813.0
12,easy,alert,1,482.5445570555555,500.32539999999995,225.33334748250093,9000.0,0.010888888888888889,8.0,0.023555555555555555,15.0,0.041,24.0,0.058555555555555555,29.0,0.07966666666666666,54.0,0.10266666666666667,56.0,0.12033333333333333,58.0,0.14222222222222222,61.0,0.16944444444444445,68.0,0.20255555555555554,68.0,0.23744444444444446,83.0,0.2688888888888889,84.0,0.30277777777777776,84.0,0.3391111111111111,134.0,0.37177777777777776,333.0,0.4011111111111111,334.0,0.43133333333333335,334.0,0.4623333333333333,442.0,0.499,442.0,0.5418888888888889,442.0,0.5917777777777777,443.0,0.6385555555555555,443.0,0.6875555555555556,445.0,0.7377777777777778,445.0,0.7806666666666666,701.0,0.8144444444444444,891.0,0.8416666666666667,893.0,0.8671111111111112,894.0,0.8878888888888888,894.0,0.9087777777777778,895.0,0.9263333333333333,1252.0,0.9418888888888889,1253.0,0.9548888888888889,1253.0,0.9668888888888889,1253.0,0.9733333333333334,1255.0,0.9777777777777777,1446.0,0.9821111111111112,1447.0,0.9855555555555555,2234.0,0.988,2234.0
12,easy,sleepy,0,602.1825075980391,590.07205,242.31955042729098,8976.0,0.002005347593582888,6.0,0.005013368983957219,6.0,0.00980392156862745,7.0,0.01838235294117647,17.0,0.0285204991087344,33.0,0.035204991087344026,43.0,0.045454545454545456,61.0,0.05860071301247772,63.0,0.07063279857397504,64.0,0.08522727272727272,73.0,0.10160427807486631,90.0,0.1163101604278075,90.0,0.13480392156862744,91.0,0.160650623885918,93.0,0.1891711229946524,93.0,0.22192513368983957,94.0,0.2550133689839572,103.0,0.2945632798573975,141.0,0.3344474153297683,181.0,0.3772281639928699,190.0,0.4217914438502674,190.0,0.4680258467023173,197.0,0.5183823529411765,253.0,0.5678475935828877,268.0,0.6156417112299465,269.0,0.6574197860962567,451.0,0.6995320855614974,451.0,0.7371880570409982,453.0,0.7719474153297683,454.0,0.7981283422459893,613.0,0.8199643493761141,613.0,0.8374554367201426,613.0,0.8553921568627451,613.0,0.8736631016042781,614.0,0.8872549019607843,715.0,0.9007352941176471,715.0,0.9122103386809269,1053.0,0.9222370766488414,1056.0,0.9309269162210339,1102.0
13,easy,alert,1,247.85664799999995,217.58335,155.60972525776378,9000.0,0.034,19.0,0.08066666666666666,39.0,0.14,47.0,0.2041111111111111,82.0,0.28044444444444444,82.0,0.3571111111111111,82.0,0.4428888888888889,85.0,0.5255555555555556,106.0,0.6001111111111112,142.0,0.6693333333333333,142.0,0.7266666666666667,262.0,0.7756666666666666,263.0,0.8184444444444444,355.0,0.8474444444444444,378.0,0.8674444444444445,378.0,0.8847777777777778,378.0,0.8972222222222223,500.0,0.9108888888888889,500.0,0.9218888888888889,590.0,0.9321111111111111,591.0,0.9405555555555556,592.0,0.9478888888888889,829.0,0.9538888888888889,829.0,0.9612222222222222,829.0,0.9675555555555555,894.0,0.9725555555555555,896.0,0.9783333333333334,898.0,0.9842222222222222,1226.0,0.9885555555555555,1226.0,0.9917777777777778,1326.0,0.9936666666666667,1509.0,0.9952222222222222,1625.0,0.9964444444444445,3906.0,0.9978888888888889,3908.0,0.9986666666666667,3910.0,0.9991111111111111,4594.0,0.9994444444444445,7370.0,0.9995555555555555,7370.0,0.9997777777777778,7370.0
13,easy,sleepy,0,445.50310541111105,437.5506,201.96623799300414,9000.0,0.005,6.0,0.012222222222222223,9.0,0.02288888888888889,14.0,0.035,17.0,0.05544444444444444,24.0,0.08211111111111111,28.0,0.11611111111111111,39.0,0.153,39.0,0.18722222222222223,48.0,0.22277777777777777,62.0,0.2554444444444444,62.0,0.29655555555555557,78.0,0.3327777777777778,137.0,0.37022222222222223,171.0,0.41044444444444445,174.0,0.4666666666666667,176.0,0.531,182.0,0.5878888888888889,233.0,0.6392222222222222,252.0,0.6793333333333333,271.0,0.722,274.0,0.7617777777777778,313.0,0.7936666666666666,313.0,0.8257777777777778,313.0,0.8523333333333334,523.0,0.8713333333333333,524.0,0.8894444444444445,525.0,0.9037777777777778,525.0,0.9172222222222223,525.0,0.933,525.0,0.9457777777777778,623.0,0.9571111111111111,768.0,0.9643333333333334,1206.0,0.9724444444444444,1207.0,0.9784444444444444,1440.0,0.9815555555555555,1470.0,0.984,1947.0,0.9874444444444445,1947.0,0.9901111111111112,2291.0
14,easy,alert,1,218.77551244444447,200.6614,134.67668098760225,9000.0,0.045,17.0,0.10244444444444445,23.0,0.17544444444444443,34.0,0.24922222222222223,80.0,0.3244444444444444,80.0,0.4057777777777778,115.0,0.49733333333333335,116.0,0.5767777777777777,116.0,0.662,142.0,0.7408888888888889,228.0,0.8106666666666666,229.0,0.8576666666666667,269.0,0.8896666666666667,495.0,0.9112222222222223,496.0,0.9243333333333333,497.0,0.9365555555555556,629.0,0.9453333333333334,640.0,0.9542222222222222,641.0,0.9616666666666667,899.0,0.9651111111111111,981.0,0.9692222222222222,982.0,0.973,983.0,0.976,1440.0,0.9786666666666667,1440.0,0.9807777777777777,1440.0,0.983,1440.0,0.9863333333333333,1440.0,0.9892222222222222,2161.0,0.9902222222222222,2979.0,0.9915555555555555,2979.0,0.9932222222222222,3094.0,0.9958888888888889,5570.0,0.9971111111111111,5571.0,0.9987777777777778,7015.0,0.9991111111111111,8722.0,0.9991111111111111,8722.0,1.0,9000.0,1.0,9000.0,1.0,9000.0
14,easy,sleepy,0,430.97692573783274,394.3818,275.02789386251766,8979.0,0.014478226974050563,22.0,0.029401937854994988,43.0,0.05078516538590044,44.0,0.07573226417195679,45.0,0.1073616215614211,45.0,0.1383227530905446,46.0,0.1719567880610313,47.0,0.21394364628577792,52.0,0.25849203697516426,108.0,0.303374540594721,108.0,0.3402383338901882,108.0,0.38222519211493483,108.0,0.42421205033968146,108.0,0.4702082637264729,108.0,0.5100790733934737,179.0,0.5547388350595834,203.0,0.5965029513308832,204.0,0.6332553736496269,263.0,0.6724579574562869,374.0,0.7123287671232876,374.0,0.75353602851097,374.0,0.7811560307383896,409.0,0.8049894197572113,746.0,0.8274863570553513,747.0,0.8418532130526785,747.0,0.8574451497939637,747.0,0.872591602628355,747.0,0.8865129747187883,747.0,0.8999888629023276,749.0,0.9123510413186323,877.0,0.9221516872702974,877.0,0.9339570108029848,877.0,0.9414188662434569,1262.0,0.9507740282882281,1262.0,0.9581245127519769,1262.0,0.9644726584252143,1271.0,0.9679251587036418,1272.0,0.9710435460518989,1406.0,0.9761666109811783,2066.0
15,easy,alert,1,494.64453701111114,468.03470000000004,158.90064095550738,9000.0,0.0008888888888888889,4.0,0.0012222222222222222,5.0,0.0026666666666666666,8.0,0.0035555555555555557,8.0,0.0057777777777777775,9.0,0.00788888888888889,20.0,0.010666666666666666,23.0,0.013333333333333334,23.0,0.017444444444444443,23.0,0.032,23.0,0.058777777777777776,23.0,0.09766666666666667,31.0,0.15244444444444444,40.0,0.21777777777777776,50.0,0.2921111111111111,72.0,0.3652222222222222,85.0,0.43955555555555553,133.0,0.522,135.0,0.5908888888888889,144.0,0.6526666666666666,162.0,0.7134444444444444,165.0,0.7572222222222222,184.0,0.794,185.0,0.8251111111111111,217.0,0.8536666666666667,274.0,0.8754444444444445,321.0,0.8947777777777778,356.0,0.9105555555555556,390.0,0.9243333333333333,480.0,0.9366666666666666,480.0,0.945,480.0,0.9573333333333334,624.0,0.9643333333333334,624.0,0.9726666666666667,624.0,0.9794444444444445,888.0,0.9847777777777778,1451.0,0.9868888888888889,1933.0,0.9901111111111112,1933.0,0.9921111111111112,1933.0
15,easy,sleepy,0,665.1729245555556,628.7996499999999,325.8448009951358,9000.0,0.0034444444444444444,9.0,0.007222222222222222,15.0,0.011777777777777778,17.0,0.018333333333333333,22.0,0.025444444444444443,22.0,0.035111111111111114,62.0,0.04644444444444444,76.0,0.05611111111111111,76.0,0.07177777777777777,77.0,0.08466666666666667,78.0,0.09866666666666667,79.0,0.11866666666666667,79.0,0.14477777777777778,82.0,0.16877777777777778,83.0,0.19644444444444445,98.0,0.22844444444444445,98.0,0.2578888888888889,115.0,0.2866666666666667,116.0,0.31855555555555554,116.0,0.35444444444444445,118.0,0.3893333333333333,145.0,0.4268888888888889,145.0,0.45844444444444443,170.0,0.4951111111111111,263.0,0.5307777777777778,360.0,0.5572222222222222,360.0,0.5877777777777777,362.0,0.6195555555555555,363.0,0.6521111111111111,366.0,0.6852222222222222,368.0,0.7173333333333334,369.0,0.747,372.0,0.7727777777777778,658.0,0.7942222222222223,661.0,0.8133333333333334,789.0,0.83,829.0,0.845,929.0,0.8611111111111112,929.0,0.8744444444444445,929.0
16,easy,alert,1,450.2868140111111,429.69235000000003,164.98642986205385,9000.0,0.0008888888888888889,5.0,0.0017777777777777779,7.0,0.0024444444444444444,8.0,0.004111111111111111,8.0,0.008777777777777778,10.0,0.015666666666666666,24.0,0.026222222222222223,25.0,0.03777777777777778,27.0,0.06388888888888888,35.0,0.0918888888888889,43.0,0.12533333333333332,69.0,0.1681111111111111,82.0,0.2262222222222222,82.0,0.29888888888888887,82.0,0.39655555555555555,82.0,0.4851111111111111,85.0,0.5763333333333334,87.0,0.6604444444444444,105.0,0.7353333333333333,122.0,0.7868888888888889,123.0,0.828,126.0,0.8543333333333333,136.0,0.8755555555555555,136.0,0.8956666666666667,154.0,0.9134444444444444,214.0,0.9264444444444444,286.0,0.9384444444444444,286.0,0.9458888888888889,440.0,0.9534444444444444,441.0,0.9584444444444444,442.0,0.9631111111111111,442.0,0.9674444444444444,537.0,0.9705555555555555,892.0,0.9743333333333334,1227.0,0.9792222222222222,1230.0,0.9836666666666667,1367.0,0.9848888888888889,1367.0,0.986,1367.0,0.9866666666666667,1369.0
16,easy,sleepy,0,683.5505456888889,626.2835,370.1184241816331,9000.0,0.0026666666666666666,19.0,0.005111111111111111,26.0,0.007333333333333333,27.0,0.013888888888888888,28.0,0.01988888888888889,34.0,0.02588888888888889,49.0,0.034444444444444444,49.0,0.04477777777777778,71.0,0.057444444444444444,72.0,0.0758888888888889,72.0,0.09933333333333333,72.0,0.12566666666666668,79.0,0.15,79.0,0.17566666666666667,81.0,0.20333333333333334,85.0,0.23466666666666666,86.0,0.2688888888888889,96.0,0.2986666666666667,113.0,0.32755555555555554,114.0,0.35588888888888887,126.0,0.387,132.0,0.4262222222222222,142.0,0.45666666666666667,164.0,0.49722222222222223,232.0,0.538,233.0,0.566,233.0,0.5962222222222222,233.0,0.6262222222222222,234.0,0.6595555555555556,234.0,0.6911111111111111,234.0,0.7172222222222222,234.0,0.7415555555555555,234.0,0.763,234.0,0.7883333333333333,234.0,0.8091111111111111,234.0,0.8314444444444444,247.0,0.8481111111111111,247.0,0.8581111111111112,339.0,0.8712222222222222,339.0
17,easy,alert,1,444.22511887777773,436.34275,137.84772719450677,9000.0,0.0007777777777777777,7.0,0.0011111111111111111,7.0,0.0023333333333333335,8.0,0.004111111111111111,8.0,0.008555555555555556,12.0,0.014444444444444444,14.0,0.021111111111111112,15.0,0.03122222222222222,18.0,0.050333333333333334,22.0,0.078,24.0,0.11688888888888889,40.0,0.16533333333333333,40.0,0.21866666666666668,65.0,0.2892222222222222,86.0,0.37744444444444447,147.0,0.46055555555555555,172.0,0.5425555555555556,174.0,0.6293333333333333,174.0,0.7053333333333334,176.0,0.7772222222222223,205.0,0.8382222222222222,284.0,0.8845555555555555,285.0,0.9128888888888889,345.0,0.9352222222222222,498.0,0.9478888888888889,637.0,0.9571111111111111,638.0,0.9645555555555556,714.0,0.9704444444444444,714.0,0.9761111111111112,717.0,0.9805555555555555,978.0,0.9828888888888889,1072.0,0.9855555555555555,1073.0,0.9867777777777778,1205.0,0.9888888888888889,1205.0,0.9903333333333333,1205.0,0.992,2204.0,0.9931111111111111,2204.0,0.9944444444444445,2204.0,0.9952222222222222,2309.0
17,easy,sleepy,0,497.8387715222223,460.9013,262.5401269111584,9000.0,0.0036666666666666666,4.0,0.010666666666666666,8.0,0.016888888888888887,12.0,0.028333333333333332,17.0,0.04411111111111111,40.0,0.06255555555555556,40.0,0.09377777777777778,58.0,0.11944444444444445,58.0,0.15033333333333335,69.0,0.18577777777777776,87.0,0.22555555555555556,87.0,0.2628888888888889,87.0,0.307,87.0,0.3481111111111111,95.0,0.3917777777777778,163.0,0.4371111111111111,169.0,0.4801111111111111,204.0,0.5197777777777778,204.0,0.5615555555555556,206.0,0.6001111111111112,207.0,0.6407777777777778,207.0,0.6796666666666666,232.0,0.7116666666666667,312.0,0.7501111111111111,312.0,0.7834444444444445,427.0,0.8117777777777778,427.0,0.8374444444444444,428.0,0.8588888888888889,428.0,0.8772222222222222,428.0,0.8932222222222223,428.0,0.9044444444444445,465.0,0.9125555555555556,466.0,0.9204444444444444,571.0,0.9253333333333333,572.0,0.9284444444444444,572.0,0.9337777777777778,658.0,0.9401111111111111,658.0,0.9434444444444444,697.0,0.9472222222222222,697.0
18,easy,alert,1,496.9060624555556,475.4645,221.78149211969006,9000.0,0.00022222222222222223,2.0,0.002777777777777778,8.0,0.016555555555555556,90.0,0.05211111111111111,90.0,0.07833333333333334,180.0,0.0811111111111111,180.0,0.08844444444444445,180.0,0.10044444444444445,180.0,0.11277777777777778,180.0,0.13922222222222222,180.0,0.17944444444444443,180.0,0.21455555555555555,230.0,0.2738888888888889,270.0,0.31933333333333336,360.0,0.3751111111111111,360.0,0.4101111111111111,540.0,0.45322222222222225,540.0,0.4988888888888889,540.0,0.5442222222222223,540.0,0.5725555555555556,810.0,0.621,810.0,0.6627777777777778,810.0,0.6977777777777778,810.0,0.7332222222222222,900.0,0.7475555555555555,980.0,0.7641111111111111,984.0,0.8132222222222222,987.0,0.8326666666666667,1170.0,0.8681111111111111,1606.0,0.8872222222222222,1620.0,0.9083333333333333,2019.0,0.9233333333333333,2160.0,0.9332222222222222,2160.0,0.9375555555555556,2160.0,0.94,3330.0,0.9461111111111111,3330.0,0.9576666666666667,3330.0,0.9761111111111112,3340.0,0.9827777777777778,5580.0
18,easy,sleepy,0,701.1492388999999,680.17715,280.47976952305544,9000.0,0.004111111111111111,7.0,0.008222222222222223,15.0,0.012444444444444444,16.0,0.018,56.0,0.024,65.0,0.030222222222222223,86.0,0.035111111111111114,87.0,0.042444444444444444,89.0,0.050333333333333334,90.0,0.059444444444444446,90.0,0.06966666666666667,90.0,0.08422222222222223,90.0,0.10055555555555555,90.0,0.116,102.0,0.13366666666666666,104.0,0.15288888888888888,110.0,0.1738888888888889,137.0,0.19677777777777777,151.0,0.22855555555555557,156.0,0.26322222222222225,202.0,0.29155555555555557,210.0,0.3287777777777778,210.0,0.36677777777777776,210.0,0.4056666666666667,212.0,0.44722222222222224,234.0,0.492,234.0,0.5278888888888889,235.0,0.5598888888888889,281.0,0.5902222222222222,462.0,0.6245555555555555,462.0,0.6581111111111111,463.0,0.6928888888888889,463.0,0.7195555555555555,540.0,0.7468888888888889,540.0,0.7682222222222223,564.0,0.7921111111111111,565.0,0.8145555555555556,649.0,0.8373333333333334,649.0,0.8556666666666667,649.0
19,easy,alert,1,306.43499806666665,249.33715,213.15593954861683,9000.0,0.009555555555555555,10.0,0.02988888888888889,30.0,0.06333333333333334,64.0,0.1058888888888889,73.0,0.17722222222222223,73.0,0.25033333333333335,73.0,0.33166666666666667,81.0,0.42077777777777775,116.0,0.501,116.0,0.5747777777777778,116.0,0.6366666666666667,117.0,0.6927777777777778,127.0,0.7377777777777778,152.0,0.782,152.0,0.8098888888888889,152.0,0.8312222222222222,152.0,0.845,152.0,0.8581111111111112,152.0,0.8695555555555555,263.0,0.8793333333333333,263.0,0.8882222222222222,263.0,0.8977777777777778,263.0,0.906,263.0,0.9113333333333333,278.0,0.9182222222222223,278.0,0.9244444444444444,278.0,0.9324444444444444,280.0,0.9374444444444444,339.0,0.9418888888888889,382.0,0.9482222222222222,726.0,0.9536666666666667,726.0,0.958,726.0,0.9631111111111111,782.0,0.9681111111111111,1668.0,0.9727777777777777,1668.0,0.976,1668.0,0.9788888888888889,1668.0,0.9817777777777777,2464.0,0.9833333333333333,2464.0
19,easy,sleepy,0,368.00637523333336,297.66589999999997,222.47376794922764,9000.0,0.005888888888888889,18.0,0.02011111111111111,37.0,0.047,90.0,0.078,90.0,0.11944444444444445,90.0,0.175,90.0,0.24655555555555556,90.0,0.32855555555555555,91.0,0.39766666666666667,120.0,0.4543333333333333,169.0,0.5035555555555555,171.0,0.5356666666666666,172.0,0.5825555555555556,180.0,0.6215555555555555,180.0,0.646,180.0,0.6734444444444444,248.0,0.695,311.0,0.7172222222222222,313.0,0.7407777777777778,313.0,0.7604444444444445,314.0,0.7801111111111111,423.0,0.8033333333333333,423.0,0.8326666666666667,423.0,0.8488888888888889,423.0,0.8654444444444445,427.0,0.89,435.0,0.9061111111111111,539.0,0.9165555555555556,684.0,0.9271111111111111,687.0,0.934,791.0,0.9417777777777778,791.0,0.9507777777777778,873.0,0.9597777777777777,877.0,0.9701111111111111,886.0,0.9771111111111112,1302.0,0.9817777777777777,1303.0,0.9853333333333333,1304.0,0.9887777777777778,1304.0,0.9922222222222222,1304.0
20,easy,alert,1,751.5484451888889,753.6043500000001,172.43693821423582,9000.0,0.0005555555555555556,3.0,0.0006666666666666666,3.0,0.0015555555555555555,3.0,0.0023333333333333335,6.0,0.004,6.0,0.0057777777777777775,6.0,0.008333333333333333,6.0,0.01011111111111111,7.0,0.011222222222222222,7.0,0.013666666666666667,10.0,0.015444444444444445,10.0,0.017777777777777778,10.0,0.020444444444444446,10.0,0.026444444444444444,10.0,0.03077777777777778,11.0,0.034888888888888886,25.0,0.04,25.0,0.04788888888888889,25.0,0.05711111111111111,29.0,0.07033333333333333,36.0,0.08811111111111111,42.0,0.11266666666666666,53.0,0.14866666666666667,54.0,0.18944444444444444,80.0,0.2351111111111111,81.0,0.2906666666666667,81.0,0.35233333333333333,90.0,0.425,152.0,0.48844444444444446,152.0,0.5547777777777778,169.0,0.6222222222222222,170.0,0.6825555555555556,173.0,0.7466666666666667,184.0,0.799,184.0,0.8416666666666667,247.0,0.8835555555555555,360.0,0.9133333333333333,361.0,0.9363333333333334,361.0,0.9504444444444444,893.0
20,easy,sleepy,0,821.2729945,814.1949999999999,291.83390709998235,9000.0,0.0011111111111111111,2.0,0.0022222222222222222,3.0,0.004,7.0,0.006555555555555556,8.0,0.011444444444444445,8.0,0.016555555555555556,19.0,0.022444444444444444,30.0,0.028888888888888888,47.0,0.035,48.0,0.041444444444444443,48.0,0.04744444444444444,58.0,0.05388888888888889,59.0,0.06,86.0,0.06566666666666666,89.0,0.0748888888888889,89.0,0.08322222222222223,89.0,0.09311111111111112,89.0,0.10566666666666667,89.0,0.12177777777777778,89.0,0.13966666666666666,89.0,0.1582222222222222,89.0,0.17677777777777778,92.0,0.1978888888888889,92.0,0.221,92.0,0.24822222222222223,115.0,0.28244444444444444,115.0,0.3161111111111111,130.0,0.3531111111111111,130.0,0.39211111111111113,205.0,0.43455555555555553,205.0,0.4771111111111111,206.0,0.5184444444444445,254.0,0.5577777777777778,254.0,0.5972222222222222,383.0,0.6313333333333333,383.0,0.6635555555555556,443.0,0.6947777777777778,479.0,0.7254444444444444,479.0,0.7556666666666667,579.0
01,hard,alert,1,214.72760944864385,171.09355,192.57927752229182,8996.0,0.04335260115606936,16.0,0.10704757670075589,20.0,0.18230324588706093,55.0,0.2927967985771454,55.0,0.4077367718986216,80.0,0.5140062249888839,97.0,0.6169408626056024,172.0,0.6960871498443753,173.0,0.7603379279679857,173.0,0.8179190751445087,244.0,0.8581591818586038,253.0,0.889284126278346,315.0,0.9059582036460649,315.0,0.9206313917296576,343.0,0.9299688750555802,351.0,0.9360827034237439,351.0,0.9404179635393508,352.0,0.9424188528234771,352.0,0.9455313472654513,352.0,0.9488661627389952,352.0,0.951645175633615,353.0,0.9539795464650956,353.0,0.9559804357492219,517.0,0.9578701645175633,518.0,0.9597598932859048,518.0,0.9616496220542463,518.0,0.963428190306803,565.0,0.9647621164962206,565.0,0.9659848821698532,658.0,0.9676522899066252,658.0,0.9692085371276122,692.0,0.9708759448643842,692.0,0.9716540684748777,692.0,0.9740995998221432,692.0,0.9752112049799911,692.0,0.9776567363272566,709.0,0.9797687861271677,869.0,0.9809915518008003,1218.0,0.9832147621164962,1219.0
01,hard,sleepy,0,495.65219289842196,425.76405,327.8136194184222,8998.0,0.008335185596799289,10.0,0.022116025783507447,19.0,0.04123138475216715,25.0,0.070348966436986,44.0,0.10346743720826851,85.0,0.14703267392753946,87.0,0.18070682373860858,154.0,0.2119359857746166,158.0,0.24116470326739275,158.0,0.27683929762169374,182.0,0.30917981773727493,182.0,0.3431873749722161,183.0,0.3801955990220049,183.0,0.4163147366081351,184.0,0.45498999777728383,184.0,0.4986663703045121,189.0,0.5338964214269838,189.0,0.5720160035563459,284.0,0.6042453878639698,284.0,0.6330295621249167,284.0,0.6570348966436986,284.0,0.6821515892420538,284.0,0.7087130473438542,284.0,0.7369415425650144,284.0,0.7550566792620582,284.0,0.7713936430317848,326.0,0.7865081129139809,326.0,0.8015114469882196,364.0,0.8144032007112691,364.0,0.8267392753945321,364.0,0.8387419426539231,364.0,0.8489664369859969,364.0,0.8594132029339854,364.0,0.8711935985774617,364.0,0.882307179373194,500.0,0.8921982662813959,500.0,0.9013114025338964,501.0,0.9092020448988665,501.0,0.9180929095354523,502.0
02,hard,alert,1,323.70363460227276,277.7256,204.55928760134793,8800.0,0.02534090909090909,23.0,0.06602272727272727,44.0,0.105,81.0,0.13795454545454544,106.0,0.18045454545454545,108.0,0.22647727272727272,128.0,0.2761363636363636,128.0,0.34420454545454543,180.0,0.4218181818181818,235.0,0.4964772727272727,348.0,0.5428409090909091,432.0,0.5928409090909091,435.0,0.639090909090909,547.0,0.6878409090909091,550.0,0.7244318181818182,554.0,0.762159090909091,635.0,0.7920454545454545,635.0,0.8107954545454545,677.0,0.8263636363636364,866.0,0.8475,867.0,0.8655681818181818,1087.0,0.8813636363636363,1134.0,0.8955681818181818,1622.0,0.9131818181818182,1627.0,0.9271590909090909,1634.0,0.9367045454545454,1684.0,0.9511363636363637,1688.0,0.9613636363636363,1742.0,0.9727272727272728,1760.0,0.9756818181818182,1763.0,0.9777272727272728,3235.0,0.9780681818181818,3893.0,0.97875,3895.0,0.9793181818181819,4358.0,0.9795454545454545,4359.0,0.9804545454545455,4537.0,0.9820454545454546,4538.0,0.9863636363636363,4538.0,0.9890909090909091,4627.0
02,hard,sleepy,0,430.2409404535147,369.55715,285.8303429802451,8820.0,0.012698412698412698,14.0,0.03140589569160998,22.0,0.06337868480725624,37.0,0.09784580498866213,61.0,0.1388888888888889,78.0,0.18287981859410432,115.0,0.22596371882086166,116.0,0.2807256235827664,116.0,0.32936507936507936,169.0,0.3708616780045351,180.0,0.4082766439909297,180.0,0.4459183673469388,180.0,0.4790249433106576,182.0,0.5070294784580499,183.0,0.5419501133786848,360.0,0.5660997732426304,360.0,0.5904761904761905,360.0,0.6233560090702948,369.0,0.6528344671201814,370.0,0.6842403628117913,395.0,0.7130385487528345,408.0,0.7363945578231292,523.0,0.7591836734693878,527.0,0.7792517006802722,528.0,0.8030612244897959,530.0,0.8223356009070295,530.0,0.8408163265306122,531.0,0.8564625850340136,531.0,0.8682539682539683,627.0,0.8839002267573696,627.0,0.9005668934240363,629.0,0.910657596371882,647.0,0.9166666666666666,647.0,0.923469387755102,647.0,0.9298185941043083,647.0,0.9342403628117913,647.0,0.9391156462585034,940.0,0.9439909297052154,940.0,0.9471655328798186,940.0
03,hard,alert,1,207.85547112299466,178.1011,148.5876977943356,8976.0,0.05470142602495544,19.0,0.1214349376114082,34.0,0.20064616755793227,82.0,0.2934491978609626,116.0,0.38536096256684493,123.0,0.4859625668449198,123.0,0.5773172905525846,130.0,0.6600935828877005,148.0,0.7337344028520499,154.0,0.7973484848484849,192.0,0.8458110516934046,219.0,0.8795677361853832,229.0,0.8969474153297683,298.0,0.9100935828877005,299.0,0.9173351158645277,301.0,0.926693404634581,373.0,0.9344919786096256,373.0,0.9440730837789661,374.0,0.9489750445632799,375.0,0.9539884135472371,375.0,0.9603386809269162,417.0,0.966131907308378,497.0,0.9708110516934046,498.0,0.9749331550802139,501.0,0.9774955436720143,989.0,0.9793894830659536,989.0,0.982174688057041,990.0,0.9848484848484849,990.0,0.9867424242424242,990.0,0.9888591800356507,990.0,0.9904188948306596,990.0,0.9928698752228164,1363.0,0.9949866310160428,1580.0,0.9953208556149733,1580.0,0.9954322638146168,1580.0,0.9961007130124777,1580.0,0.9966577540106952,2224.0,0.9967691622103387,2224.0,0.9973262032085561,2693.0
03,hard,sleepy,0,542.4598606111111,442.13915,333.4934905419295,9000.0,0.0022222222222222222,6.0,0.0036666666666666666,11.0,0.00811111111111111,14.0,0.012555555555555556,20.0,0.01888888888888889,21.0,0.033555555555555554,24.0,0.05277777777777778,26.0,0.08522222222222223,27.0,0.11933333333333333,36.0,0.15777777777777777,37.0,0.20366666666666666,39.0,0.25477777777777777,41.0,0.3078888888888889,44.0,0.36,44.0,0.4098888888888889,44.0,0.4607777777777778,58.0,0.5146666666666667,83.0,0.5582222222222222,83.0,0.5946666666666667,83.0,0.631,83.0,0.6593333333333333,86.0,0.6846666666666666,86.0,0.7071111111111111,86.0,0.7273333333333334,89.0,0.7466666666666667,89.0,0.7635555555555555,95.0,0.7802222222222223,95.0,0.7918888888888889,113.0,0.8028888888888889,159.0,0.8133333333333334,159.0,0.8236666666666667,169.0,0.8337777777777777,169.0,0.8434444444444444,169.0,0.8537777777777777,199.0,0.8636666666666667,199.0,0.8722222222222222,199.0,0.8826666666666667,199.0,0.8907777777777778,298.0,0.8978888888888888,298.0
04,hard,alert,1,750.9881323381977,756.2024,148.4025707027319,8977.0,0.0,0.0,0.0,0.0,0.0,0.0,0.0,0.0,0.0,0.0,0.0,0.0,0.0,0.0,0.0,0.0,0.0,0.0,0.0,0.0,0.00011139578923916676,1.0,0.001002562103152501,5.0,0.002227915784783335,8.0,0.005681185251197505,21.0,0.009580037874568341,21.0,0.016709368385875015,23.0,0.02929709256990086,36.0,0.0392113178121867,44.0,0.05547510304110505,45.0,0.07151609669154506,45.0,0.08922802718057257,65.0,0.1119527681853626,68.0,0.1428094018046118,97.0,0.1826890943522335,98.0,0.23003230477887937,104.0,0.28205413835357024,117.0,0.34176228138576364,135.0,0.41327837807730866,182.0,0.4802272474100479,225.0,0.5494040325275704,283.0,0.629274813412053,288.0,0.7026846385206639,361.0,0.764843488916119,361.0,0.8252200066837474,401.0,0.8678845939623482,545.0,0.9006349559986633,546.0,0.9293750696223683,618.0,0.9476439790575916,1115.0,0.9620140358694441,1250.0
04,hard,sleepy,0,671.1428226492869,636.1611,207.07882158603,8976.0,0.00033422459893048126,2.0,0.0005570409982174688,2.0,0.0006684491978609625,3.0,0.0016711229946524064,8.0,0.0025623885918003566,10.0,0.004010695187165776,12.0,0.005124777183600713,12.0,0.007018716577540107,13.0,0.01125222816399287,20.0,0.014483065953654188,40.0,0.018270944741532978,42.0,0.022727272727272728,43.0,0.028186274509803922,68.0,0.03631907308377896,68.0,0.04890819964349376,74.0,0.06584224598930481,152.0,0.0874554367201426,153.0,0.11764705882352941,153.0,0.15418894830659535,154.0,0.20265151515151514,157.0,0.26526292335115864,157.0,0.32876559714795006,172.0,0.39327094474153296,218.0,0.46902852049910876,285.0,0.5402183600713012,286.0,0.6088458110516934,289.0,0.6673351158645277,295.0,0.7137923351158645,305.0,0.7426470588235294,517.0,0.7716131907308378,517.0,0.7947860962566845,518.0,0.8101604278074866,518.0,0.8247549019607843,714.0,0.8400178253119429,825.0,0.8542780748663101,825.0,0.8717691622103387,826.0,0.8900401069518716,826.0,0.9099821746880571,1014.0,0.9261363636363636,1014.0
05,hard,alert,1,485.20471121141196,448.5376,230.83699869371242,8973.0,0.00512649058285969,6.0,0.011478881087707567,11.0,0.01983728964671793,31.0,0.03142761618187897,32.0,0.047029978825364985,33.0,0.06519558676028084,35.0,0.08670455811880085,43.0,0.11400869274490137,45.0,0.14298450908280397,84.0,0.17530368884431072,141.0,0.21553549537501393,146.0,0.25621308369553103,150.0,0.3084809985512092,158.0,0.3649838404101192,248.0,0.41357405549983284,259.0,0.45781789813886103,261.0,0.5017274044355288,305.0,0.5431851108882202,306.0,0.581410899364761,316.0,0.6197481332887551,395.0,0.6541847765518779,532.0,0.6875069653404658,532.0,0.7174857907054497,532.0,0.7445670344366433,532.0,0.767413351164605,532.0,0.7897024406552993,532.0,0.8132174300679818,532.0,0.8332776106096066,532.0,0.8535606820461384,639.0,0.8765184442215536,713.0,0.8923436977599465,900.0,0.9103978602474089,900.0,0.923882759389279,901.0,0.9359188677142539,1457.0,0.9476206396968684,1457.0,0.9549760392287975,1457.0,0.9628886659979939,1993.0,0.968572383818121,1993.0,0.974701883428062,1993.0
05,hard,sleepy,0,897.3334396333333,893.9672499999999,395.4696482857968,9000.0,0.0013333333333333333,2.0,0.004111111111111111,6.0,0.008777777777777778,11.0,0.012,14.0,0.017555555555555557,16.0,0.023555555555555555,22.0,0.029555555555555557,26.0,0.03611111111111111,27.0,0.042777777777777776,43.0,0.051444444444444445,46.0,0.059555555555555556,48.0,0.07011111111111111,56.0,0.08022222222222222,56.0,0.09311111111111112,56.0,0.107,56.0,0.12211111111111111,56.0,0.1371111111111111,59.0,0.15233333333333332,85.0,0.1651111111111111,88.0,0.17888888888888888,88.0,0.19477777777777777,88.0,0.20833333333333334,97.0,0.225,153.0,0.2427777777777778,154.0,0.26511111111111113,163.0,0.286,163.0,0.30466666666666664,163.0,0.32622222222222225,163.0,0.3491111111111111,184.0,0.3731111111111111,185.0,0.39866666666666667,185.0,0.4212222222222222,185.0,0.4504444444444444,220.0,0.4766666666666667,220.0,0.507,229.0,0.5366666666666666,229.0,0.5696666666666667,269.0,0.5997777777777777,272.0,0.6271111111111111,292.0
06,hard,alert,1,330.58910785555554,315.30539999999996,154.15343143210356,9000.0,0.008666666666666666,8.0,0.017777777777777778,13.0,0.035222222222222224,27.0,0.05733333333333333,30.0,0.09322222222222222,42.0,0.13844444444444445,44.0,0.196,50.0,0.25266666666666665,170.0,0.31122222222222223,207.0,0.3748888888888889,210.0,0.447,300.0,0.5311111111111111,304.0,0.6077777777777778,423.0,0.6833333333333333,639.0,0.7385555555555555,639.0,0.7815555555555556,1080.0,0.8162222222222222,1080.0,0.8501111111111112,1128.0,0.8774444444444445,1548.0,0.8941111111111111,1800.0,0.9155555555555556,1800.0,0.9356666666666666,1800.0,0.9494444444444444,2491.0,0.9588888888888889,2873.0,0.9662222222222222,2873.0,0.9738888888888889,2873.0,0.9793333333333333,2873.0,0.9826666666666667,2873.0,0.9843333333333333,2873.0,0.9861111111111112,2873.0,0.9894444444444445,2873.0,0.9917777777777778,2937.0,0.9935555555555555,2938.0,0.9952222222222222,2938.0,0.9957777777777778,3304.0,0.9958888888888889,3304.0,0.9958888888888889,3304.0,0.9963333333333333,3304.0,0.9966666666666667,3304.0
06,hard,sleepy,0,578.3417203888889,512.8869500000001,324.1655250964391,9000.0,0.0008888888888888889,3.0,0.002,4.0,0.007,8.0,0.013444444444444445,9.0,0.025,27.0,0.041555555555555554,32.0,0.06933333333333333,43.0,0.09933333333333333,44.0,0.12633333333333333,68.0,0.1708888888888889,80.0,0.21188888888888888,94.0,0.25733333333333336,149.0,0.29233333333333333,150.0,0.32366666666666666,151.0,0.3581111111111111,247.0,0.3904444444444444,254.0,0.4211111111111111,403.0,0.4563333333333333,406.0,0.48377777777777775,406.0,0.5153333333333333,408.0,0.5511111111111111,462.0,0.5865555555555556,472.0,0.6125555555555555,502.0,0.6396666666666667,508.0,0.6678888888888889,571.0,0.6865555555555556,760.0,0.7058888888888889,760.0,0.7204444444444444,763.0,0.7354444444444445,775.0,0.7508888888888889,776.0,0.7655555555555555,776.0,0.7822222222222223,983.0,0.7956666666666666,984.0,0.809,1172.0,0.8216666666666667,1172.0,0.834,1172.0,0.8474444444444444,1172.0,0.8588888888888889,1172.0,0.8735555555555555,1245.0
07,hard,alert,1,619.4640331444444,601.4220499999999,323.2192978296242,9000.0,0.0036666666666666666,4.0,0.008777777777777778,7.0,0.01588888888888889,9.0,0.027333333333333334,12.0,0.03822222222222222,14.0,0.04911111111111111,27.0,0.06477777777777778,27.0,0.082,27.0,0.10088888888888889,29.0,0.12088888888888889,31.0,0.14322222222222222,43.0,0.17033333333333334,49.0,0.19266666666666668,52.0,0.21988888888888888,53.0,0.2467777777777778,56.0,0.2767777777777778,56.0,0.3038888888888889,67.0,0.3317777777777778,69.0,0.36233333333333334,72.0,0.3918888888888889,78.0,0.42644444444444446,84.0,0.4588888888888889,84.0,0.4981111111111111,84.0,0.5341111111111111,92.0,0.5678888888888889,92.0,0.6062222222222222,114.0,0.645,152.0,0.6832222222222222,155.0,0.7213333333333334,208.0,0.7573333333333333,208.0,0.7915555555555556,209.0,0.8202222222222222,262.0,0.8456666666666667,339.0,0.8666666666666667,339.0,0.884,550.0,0.8954444444444445,550.0,0.9072222222222223,550.0,0.9158888888888889,550.0,0.9215555555555556,550.0
07,hard,sleepy,0,958.1150295000002,974.9951,365.63475404277455,9000.0,0.0013333333333333333,3.0,0.002777777777777778,5.0,0.0044444444444444444,7.0,0.006222222222222222,7.0,0.009222222222222222,7.0,0.013,11.0,0.017444444444444443,11.0,0.022333333333333334,11.0,0.02822222222222222,11.0,0.036444444444444446,15.0,0.043444444444444445,22.0,0.050888888888888886,22.0,0.060222222222222226,23.0,0.06855555555555555,23.0,0.079,24.0,0.08944444444444444,49.0,0.09744444444444444,50.0,0.10711111111111112,50.0,0.11722222222222223,50.0,0.13055555555555556,52.0,0.14377777777777778,74.0,0.15566666666666668,77.0,0.17244444444444446,79.0,0.18444444444444444,133.0,0.1988888888888889,133.0,0.21155555555555555,215.0,0.22555555555555556,215.0,0.24188888888888888,215.0,0.26,269.0,0.277,425.0,0.29633333333333334,427.0,0.3188888888888889,427.0,0.3411111111111111,427.0,0.36733333333333335,427.0,0.3918888888888889,520.0,0.42188888888888887,520.0,0.4597777777777778,520.0,0.5,522.0,0.5348888888888889,522.0
08,hard,alert,1,170.52301993333333,139.4615,147.62912809119064,9000.0,0.07211111111111111,17.0,0.17344444444444446,52.0,0.3101111111111111,81.0,0.4325555555555556,155.0,0.5513333333333333,156.0,0.6528888888888889,181.0,0.744,312.0,0.8045555555555556,321.0,0.8494444444444444,322.0,0.8847777777777778,386.0,0.907,394.0,0.9208888888888889,395.0,0.9332222222222222,720.0,0.9404444444444444,720.0,0.9507777777777778,720.0,0.9584444444444444,726.0,0.9645555555555556,970.0,0.9672222222222222,970.0,0.97,970.0,0.9732222222222222,970.0,0.976,970.0,0.977,970.0,0.9782222222222222,970.0,0.9797777777777777,971.0,0.9821111111111112,1439.0,0.9847777777777778,1559.0,0.9861111111111112,1559.0,0.9872222222222222,1560.0,0.9881111111111112,1560.0,0.989,2016.0,0.9897777777777778,2016.0,0.9913333333333333,2017.0,0.9924444444444445,2017.0,0.9928888888888889,2017.0,0.9935555555555555,2018.0,0.9936666666666667,2018.0,0.9936666666666667,2018.0,0.9946666666666667,3884.0,0.9952222222222222,3885.0
08,hard,sleepy,0,312.8264284,240.42255,253.28751756048274,9000.0,0.030333333333333334,12.0,0.0661111111111111,20.0,0.11566666666666667,51.0,0.17633333333333334,51.0,0.24944444444444444,66.0,0.3263333333333333,72.0,0.3927777777777778,121.0,0.46,276.0,0.5208888888888888,276.0,0.573,276.0,0.619,276.0,0.6631111111111111,276.0,0.7036666666666667,276.0,0.7312222222222222,276.0,0.7543333333333333,276.0,0.7804444444444445,277.0,0.8085555555555556,277.0,0.8322222222222222,305.0,0.8465555555555555,305.0,0.8595555555555555,305.0,0.872,305.0,0.8841111111111111,385.0,0.8956666666666667,385.0,0.9033333333333333,386.0,0.9132222222222223,386.0,0.921,400.0,0.9277777777777778,425.0,0.9321111111111111,641.0,0.9387777777777778,642.0,0.9424444444444444,642.0,0.9457777777777778,642.0,0.9484444444444444,642.0,0.9525555555555556,920.0,0.9558888888888889,1221.0,0.9574444444444444,1221.0,0.9591111111111111,1221.0,0.9626666666666667,1222.0,0.9672222222222222,1795.0,0.9715555555555555,1879.0
09,hard,alert,1,214.30230625555555,173.4878,179.67549328564363,9000.0,0.05511111111111111,26.0,0.11666666666666667,41.0,0.20833333333333334,77.0,0.3031111111111111,78.0,0.4032222222222222,79.0,0.5063333333333333,97.0,0.6168888888888889,104.0,0.7077777777777777,104.0,0.7761111111111111,131.0,0.8191111111111111,213.0,0.842,213.0,0.8604444444444445,214.0,0.8747777777777778,214.0,0.8877777777777778,214.0,0.898,215.0,0.9078888888888889,215.0,0.9158888888888889,215.0,0.9235555555555556,215.0,0.931,251.0,0.937,251.0,0.9417777777777778,310.0,0.9467777777777778,312.0,0.9518888888888889,313.0,0.9548888888888889,313.0,0.9591111111111111,318.0,0.9638888888888889,353.0,0.9676666666666667,353.0,0.9718888888888889,640.0,0.975,723.0,0.9767777777777777,723.0,0.9792222222222222,724.0,0.9812222222222222,724.0,0.9835555555555555,724.0,0.985,739.0,0.9864444444444445,739.0,0.9886666666666667,986.0,0.9891111111111112,1013.0,0.99,1068.0,0.9911111111111112,1083.0
09,hard,sleepy,0,931.1084611666668,584.7670499999999,972.5070677583723,9000.0,0.012888888888888889,16.0,0.026,20.0,0.043222222222222224,25.0,0.060333333333333336,31.0,0.082,35.0,0.10477777777777778,67.0,0.12744444444444444,70.0,0.1497777777777778,88.0,0.1738888888888889,88.0,0.19477777777777777,89.0,0.21688888888888888,97.0,0.23644444444444446,160.0,0.26222222222222225,160.0,0.2837777777777778,160.0,0.3058888888888889,161.0,0.3342222222222222,161.0,0.35888888888888887,161.0,0.3888888888888889,161.0,0.41655555555555557,189.0,0.4408888888888889,189.0,0.4688888888888889,189.0,0.4921111111111111,189.0,0.5095555555555555,189.0,0.5298888888888889,189.0,0.5454444444444444,189.0,0.5625555555555556,189.0,0.5802222222222222,189.0,0.5956666666666667,189.0,0.6105555555555555,189.0,0.6257777777777778,189.0,0.6414444444444445,189.0,0.6593333333333333,189.0,0.6684444444444444,191.0,0.6791111111111111,191.0,0.6871111111111111,191.0,0.6955555555555556,191.0,0.7034444444444444,200.0,0.71,200.0,0.7157777777777777,201.0
10,hard,alert,1,232.0177400888889,193.36235,158.3607955927475,9000.0,0.059333333333333335,14.0,0.12511111111111112,21.0,0.204,32.0,0.29044444444444445,41.0,0.36466666666666664,64.0,0.44222222222222224,88.0,0.5186666666666667,212.0,0.5778888888888889,218.0,0.6382222222222222,272.0,0.691,272.0,0.735,272.0,0.7764444444444445,311.0,0.8101111111111111,317.0,0.8348888888888889,354.0,0.8574444444444445,357.0,0.8762222222222222,359.0,0.897,361.0,0.9106666666666666,474.0,0.922,746.0,0.9305555555555556,746.0,0.9428888888888889,903.0,0.9528888888888889,1080.0,0.9617777777777777,1080.0,0.969,1583.0,0.9768888888888889,1590.0,0.984,1620.0,0.988,1620.0,0.9903333333333333,1620.0,0.9927777777777778,1620.0,0.9954444444444445,1693.0,0.9974444444444445,1860.0,0.999,3179.0,0.9995555555555555,4975.0,0.9996666666666667,8155.0,0.9996666666666667,8155.0,0.9996666666666667,8155.0,0.9996666666666667,8155.0,0.9998888888888889,8155.0,1.0,9000.0
10,hard,sleepy,0,296.4044227888889,258.17240000000004,177.29132896819632,9000.0,0.028777777777777777,11.0,0.06566666666666666,35.0,0.11266666666666666,37.0,0.16444444444444445,37.0,0.21722222222222223,37.0,0.27955555555555556,43.0,0.3436666666666667,71.0,0.4132222222222222,99.0,0.4812222222222222,99.0,0.5364444444444444,100.0,0.5836666666666667,143.0,0.6261111111111111,153.0,0.6672222222222223,169.0,0.7058888888888889,226.0,0.7398888888888889,226.0,0.7696666666666667,343.0,0.8017777777777778,396.0,0.8308888888888889,399.0,0.8616666666666667,660.0,0.8871111111111111,800.0,0.9064444444444445,900.0,0.9234444444444444,903.0,0.9382222222222222,917.0,0.9476666666666667,1039.0,0.9612222222222222,1042.0,0.9682222222222222,1064.0,0.9747777777777777,1393.0,0.9798888888888889,1394.0,0.9833333333333333,1394.0,0.9877777777777778,1394.0,0.9894444444444445,1461.0,0.9916666666666667,2500.0,0.9938888888888889,4276.0,0.9944444444444445,4277.0,0.9947777777777778,4583.0,0.9956666666666667,4585.0,0.9965555555555555,4586.0,0.9972222222222222,4586.0,0.9977777777777778,4586.0
11,hard,alert,1,395.9815038111111,386.49065,169.782646990674,9000.0,0.0028888888888888888,8.0,0.009222222222222222,14.0,0.02311111111111111,23.0,0.041555555555555554,62.0,0.062,63.0,0.08077777777777778,63.0,0.10266666666666667,63.0,0.12855555555555556,64.0,0.16133333333333333,66.0,0.2058888888888889,67.0,0.25055555555555553,77.0,0.32166666666666666,91.0,0.38911111111111113,94.0,0.4647777777777778,161.0,0.5523333333333333,162.0,0.6314444444444445,170.0,0.7014444444444444,170.0,0.7601111111111111,189.0,0.8081111111111111,244.0,0.8436666666666667,244.0,0.8721111111111111,244.0,0.8935555555555555,244.0,0.9101111111111111,403.0,0.9212222222222223,404.0,0.9297777777777778,405.0,0.9384444444444444,514.0,0.9466666666666667,515.0,0.9531111111111111,637.0,0.9597777777777777,698.0,0.9671111111111111,699.0,0.9732222222222222,1465.0,0.9784444444444444,1465.0,0.9816666666666667,1465.0,0.9848888888888889,1465.0,0.9872222222222222,1465.0,0.9885555555555555,1465.0,0.9901111111111112,1465.0,0.9911111111111112,1466.0,0.994,1517.0
11,hard,sleepy,0,588.1462738666667,534.41695,307.84147090183683,9000.0,0.0012222222222222222,2.0,0.004888888888888889,8.0,0.009444444444444445,10.0,0.017,12.0,0.025111111111111112,14.0,0.03677777777777778,32.0,0.04544444444444445,32.0,0.058,32.0,0.07166666666666667,32.0,0.095,32.0,0.12344444444444444,32.0,0.14944444444444444,45.0,0.18022222222222223,82.0,0.224,84.0,0.2638888888888889,84.0,0.3038888888888889,84.0,0.351,86.0,0.3972222222222222,86.0,0.4451111111111111,86.0,0.48588888888888887,91.0,0.5261111111111111,98.0,0.5695555555555556,189.0,0.6034444444444444,310.0,0.6335555555555555,310.0,0.6686666666666666,310.0,0.6983333333333334,317.0,0.7284444444444444,317.0,0.7546666666666667,317.0,0.7812222222222223,317.0,0.8056666666666666,318.0,0.825,318.0,0.8403333333333334,341.0,0.8568888888888889,341.0,0.8701111111111111,370.0,0.8838888888888888,502.0,0.8938888888888888,502.0,0.9037777777777778,502.0,0.9148888888888889,502.0,0.926,656.0
12,hard,alert,1,346.7425252444444,330.83910000000003,172.6245080617271,9000.0,0.013111111111111112,10.0,0.030111111111111113,13.0,0.05322222222222222,15.0,0.08666666666666667,21.0,0.12255555555555556,28.0,0.16477777777777777,31.0,0.21822222222222223,66.0,0.272,66.0,0.3254444444444444,78.0,0.3771111111111111,110.0,0.43644444444444447,112.0,0.48777777777777775,112.0,0.5444444444444444,202.0,0.5918888888888889,203.0,0.6434444444444445,241.0,0.6903333333333334,267.0,0.734,303.0,0.7793333333333333,309.0,0.8203333333333334,515.0,0.8508888888888889,590.0,0.876,591.0,0.8958888888888888,591.0,0.9145555555555556,592.0,0.9296666666666666,1032.0,0.944,1032.0,0.9566666666666667,1032.0,0.9637777777777777,1372.0,0.9725555555555555,1372.0,0.9803333333333333,1421.0,0.9851111111111112,1422.0,0.9881111111111112,1424.0,0.9912222222222222,1424.0,0.994,1425.0,0.9963333333333333,1723.0,0.9973333333333333,1723.0,0.9982222222222222,2753.0,0.999,5593.0,0.9993333333333333,5593.0,0.9997777777777778,7272.0
12,hard,sleepy,0,445.7291746444444,426.1109,205.14030879189625,9000.0,0.003777777777777778,5.0,0.015666666666666666,11.0,0.026333333333333334,15.0,0.04022222222222222,23.0,0.057,23.0,0.08422222222222223,32.0,0.11611111111111111,40.0,0.144,55.0,0.1797777777777778,96.0,0.2157777777777778,98.0,0.25855555555555554,102.0,0.30033333333333334,133.0,0.3522222222222222,141.0,0.4026666666666667,141.0,0.4517777777777778,164.0,0.49844444444444447,185.0,0.5415555555555556,193.0,0.5822222222222222,197.0,0.6248888888888889,201.0,0.6647777777777778,202.0,0.7046666666666667,203.0,0.743,212.0,0.7761111111111111,213.0,0.8077777777777778,213.0,0.8345555555555556,393.0,0.8598888888888889,394.0,0.8811111111111111,432.0,0.9005555555555556,432.0,0.9162222222222223,434.0,0.9318888888888889,573.0,0.9427777777777778,573.0,0.9527777777777777,930.0,0.9634444444444444,979.0,0.9715555555555555,1015.0,0.9783333333333334,1154.0,0.984,1191.0,0.9886666666666667,1250.0,0.9912222222222222,2183.0,0.9934444444444445,2659.0
13,hard,alert,1,230.7742504888889,206.8502,134.7027133812679,9000.0,0.021444444444444443,14.0,0.05322222222222222,31.0,0.11455555555555555,44.0,0.18388888888888888,48.0,0.2787777777777778,69.0,0.37955555555555553,92.0,0.4736666666666667,97.0,0.5655555555555556,107.0,0.6507777777777778,157.0,0.7273333333333334,160.0,0.7906666666666666,160.0,0.836,204.0,0.871,204.0,0.8976666666666666,204.0,0.9186666666666666,205.0,0.9327777777777778,222.0,0.9414444444444444,333.0,0.9473333333333334,443.0,0.9524444444444444,443.0,0.9572222222222222,531.0,0.9614444444444444,531.0,0.9651111111111111,531.0,0.9687777777777777,566.0,0.9732222222222222,1121.0,0.9774444444444444,1121.0,0.9806666666666667,1121.0,0.9844444444444445,1461.0,0.9884444444444445,1461.0,0.992,1461.0,0.9942222222222222,3585.0,0.9957777777777778,3585.0,0.997,3587.0,0.9978888888888889,3587.0,0.9982222222222222,3587.0,0.9985555555555555,3757.0,0.9986666666666667,3757.0,0.999,3757.0,0.999,3757.0,0.999,3757.0
13,hard,sleepy,0,424.18658427777785,401.8849,184.43140841002932,9000.0,0.008555555555555556,14.0,0.012444444444444444,14.0,0.019222222222222224,16.0,0.027,19.0,0.03855555555555556,20.0,0.05366666666666667,21.0,0.07411111111111111,23.0,0.11,36.0,0.14522222222222222,59.0,0.18955555555555556,64.0,0.24622222222222223,97.0,0.30766666666666664,157.0,0.37322222222222223,242.0,0.43366666666666664,250.0,0.49666666666666665,280.0,0.5563333333333333,308.0,0.6147777777777778,310.0,0.6637777777777778,315.0,0.7132222222222222,315.0,0.7552222222222222,315.0,0.7947777777777778,335.0,0.8257777777777778,348.0,0.8478888888888889,530.0,0.8715555555555555,531.0,0.8906666666666667,558.0,0.9073333333333333,558.0,0.9252222222222222,962.0,0.9385555555555556,962.0,0.95,968.0,0.9612222222222222,1583.0,0.9702222222222222,1683.0,0.9747777777777777,1684.0,0.9783333333333334,1685.0,0.9798888888888889,1685.0,0.9821111111111112,1685.0,0.9845555555555555,1685.0,0.9878888888888889,1685.0,0.9894444444444445,1685.0,0.9915555555555555,1686.0
14,hard,alert,1,156.06588453333333,136.8101,103.17153234764328,9000.0,0.0971111111111111,24.0,0.20044444444444445,39.0,0.327,40.0,0.4481111111111111,79.0,0.5574444444444444,101.0,0.6637777777777778,162.0,0.7436666666666667,195.0,0.803,260.0,0.8536666666666667,273.0,0.8917777777777778,478.0,0.9208888888888889,628.0,0.9412222222222222,628.0,0.9573333333333334,718.0,0.9667777777777777,719.0,0.9742222222222222,1200.0,0.9785555555555555,1200.0,0.9824444444444445,1201.0,0.9857777777777778,1297.0,0.9884444444444445,1990.0,0.9911111111111112,1990.0,0.9924444444444445,2042.0,0.9933333333333333,2042.0,0.9952222222222222,3290.0,0.9965555555555555,3292.0,0.9967777777777778,3293.0,0.9975555555555555,3295.0,0.9976666666666667,3296.0,0.9978888888888889,3297.0,0.9978888888888889,3297.0,0.9982222222222222,3297.0,0.9985555555555555,5762.0,0.9985555555555555,5762.0,0.9985555555555555,5762.0,0.9988888888888889,6300.0,0.9988888888888889,6300.0,0.9988888888888889,6300.0,0.9993333333333333,6304.0,0.9994444444444445,6305.0,0.9994444444444445,6305.0
14,hard,sleepy,0,379.4305946,360.8469,196.95543328127528,9000.0,0.017222222222222222,10.0,0.03411111111111111,15.0,0.058777777777777776,27.0,0.08522222222222223,42.0,0.12011111111111111,44.0,0.162,90.0,0.20422222222222222,97.0,0.24455555555555555,97.0,0.28833333333333333,134.0,0.33255555555555555,177.0,0.3781111111111111,179.0,0.42844444444444446,198.0,0.4787777777777778,206.0,0.525,210.0,0.5701111111111111,363.0,0.6084444444444445,365.0,0.6497777777777778,365.0,0.6965555555555556,365.0,0.7365555555555555,547.0,0.772,547.0,0.8035555555555556,863.0,0.8321111111111111,911.0,0.861,911.0,0.8827777777777778,911.0,0.9071111111111111,911.0,0.9261111111111111,1203.0,0.9425555555555556,1204.0,0.9545555555555556,1228.0,0.9617777777777777,1230.0,0.9697777777777777,1308.0,0.9765555555555555,1310.0,0.9831111111111112,1310.0,0.9878888888888889,1620.0,0.9905555555555555,1620.0,0.9937777777777778,1620.0,0.995,2452.0,0.996,2452.0,0.9962222222222222,2452.0,0.9962222222222222,2452.0
15,hard,alert,1,395.82385484444444,374.7666,183.31960592168585,9000.0,0.0012222222222222222,4.0,0.0023333333333333335,5.0,0.008222222222222223,11.0,0.019444444444444445,15.0,0.033555555555555554,31.0,0.050333333333333334,48.0,0.06944444444444445,48.0,0.092,49.0,0.13311111111111112,54.0,0.18566666666666667,82.0,0.25077777777777777,84.0,0.32722222222222225,95.0,0.41788888888888887,97.0,0.5014444444444445,153.0,0.5835555555555556,156.0,0.6624444444444444,168.0,0.741,326.0,0.7964444444444444,340.0,0.8437777777777777,358.0,0.8791111111111111,394.0,0.9043333333333333,395.0,0.9204444444444444,526.0,0.9332222222222222,711.0,0.9432222222222222,711.0,0.9488888888888889,713.0,0.9538888888888889,713.0,0.9591111111111111,713.0,0.962,714.0,0.9651111111111111,861.0,0.9673333333333334,861.0,0.9697777777777777,861.0,0.9726666666666667,964.0,0.9758888888888889,964.0,0.9776666666666667,1295.0,0.9792222222222222,1295.0,0.9798888888888889,1295.0,0.9811111111111112,1295.0,0.9824444444444445,1296.0,0.9855555555555555,1473.0
15,hard,sleepy,0,601.4529365888889,572.9009,291.9579083592292,9000.0,0.0036666666666666666,4.0,0.009,9.0,0.022444444444444444,16.0,0.035222222222222224,31.0,0.048666666666666664,34.0,0.06477777777777778,35.0,0.07766666666666666,35.0,0.094,35.0,0.112,59.0,0.134,62.0,0.15688888888888888,62.0,0.1807777777777778,64.0,0.20944444444444443,64.0,0.24222222222222223,64.0,0.2733333333333333,64.0,0.30544444444444446,112.0,0.33955555555555555,113.0,0.37333333333333335,116.0,0.4087777777777778,149.0,0.44255555555555554,251.0,0.4736666666666667,251.0,0.5038888888888889,252.0,0.5327777777777778,255.0,0.5604444444444444,255.0,0.5856666666666667,256.0,0.6146666666666667,265.0,0.643,266.0,0.6732222222222223,364.0,0.6982222222222222,365.0,0.7241111111111111,399.0,0.7463333333333333,527.0,0.77,527.0,0.7888888888888889,527.0,0.8101111111111111,527.0,0.828,527.0,0.8433333333333334,527.0,0.8585555555555555,528.0,0.875,739.0,0.8911111111111111,1585.0
16,hard,alert,1,330.8510601666666,295.48519999999996,160.8717658929858,9000.0,0.006,24.0,0.010222222222222223,31.0,0.019777777777777776,31.0,0.03266666666666666,31.0,0.051333333333333335,49.0,0.075,55.0,0.12644444444444444,56.0,0.21166666666666667,57.0,0.31666666666666665,71.0,0.423,86.0,0.5171111111111111,86.0,0.6012222222222222,107.0,0.6745555555555556,107.0,0.7365555555555555,107.0,0.7934444444444444,143.0,0.8348888888888889,144.0,0.8557777777777777,183.0,0.873,183.0,0.8844444444444445,210.0,0.8961111111111111,211.0,0.9078888888888889,212.0,0.9191111111111111,388.0,0.9293333333333333,389.0,0.9392222222222222,604.0,0.9461111111111111,604.0,0.9522222222222222,666.0,0.9593333333333334,666.0,0.9667777777777777,1005.0,0.9734444444444444,1006.0,0.9768888888888889,1070.0,0.9804444444444445,1070.0,0.983,1247.0,0.9861111111111112,1247.0,0.9883333333333333,1281.0,0.9888888888888889,1281.0,0.9901111111111112,1281.0,0.9912222222222222,2316.0,0.9922222222222222,2316.0,0.9931111111111111,2316.0
16,hard,sleepy,0,461.5926428777778,406.10095,266.29890369124337,9000.0,0.0036666666666666666,5.0,0.009444444444444445,10.0,0.016444444444444446,12.0,0.02677777777777778,18.0,0.04622222222222222,36.0,0.07566666666666666,37.0,0.1078888888888889,51.0,0.14944444444444444,80.0,0.19333333333333333,81.0,0.236,86.0,0.283,97.0,0.337,98.0,0.38655555555555554,120.0,0.441,120.0,0.49044444444444446,147.0,0.5306666666666666,172.0,0.576,219.0,0.6145555555555555,219.0,0.6544444444444445,220.0,0.6926666666666667,248.0,0.7342222222222222,313.0,0.7644444444444445,408.0,0.7857777777777778,441.0,0.8046666666666666,474.0,0.8201111111111111,474.0,0.8378888888888889,511.0,0.8485555555555555,734.0,0.8597777777777778,759.0,0.8742222222222222,894.0,0.8894444444444445,894.0,0.8993333333333333,996.0,0.9101111111111111,996.0,0.9214444444444444,996.0,0.9306666666666666,996.0,0.9393333333333334,998.0,0.9445555555555556,998.0,0.9483333333333334,998.0,0.9525555555555556,998.0,0.9583333333333334,1898.0
17,hard,alert,1,248.30252124444448,241.55225000000002,99.4172060037984,9000.0,0.0077777777777777776,8.0,0.022,15.0,0.05011111111111111,38.0,0.08244444444444445,54.0,0.13111111111111112,76.0,0.20322222222222222,101.0,0.297,148.0,0.41444444444444445,175.0,0.5472222222222223,197.0,0.6636666666666666,238.0,0.7591111111111111,415.0,0.8268888888888889,493.0,0.8822222222222222,543.0,0.9178888888888889,1041.0,0.9458888888888889,1043.0,0.9634444444444444,1091.0,0.9753333333333334,1230.0,0.9807777777777777,1255.0,0.983,1473.0,0.9875555555555555,1868.0,0.9895555555555555,1870.0,0.9911111111111112,2008.0,0.9924444444444445,2010.0,0.9937777777777778,2013.0,0.9943333333333333,2919.0,0.9947777777777778,2920.0,0.9955555555555555,2920.0,0.9962222222222222,2920.0,0.9967777777777778,2920.0,0.9968888888888889,2920.0,0.9976666666666667,5269.0,0.9978888888888889,5269.0,0.998,5269.0,0.9983333333333333,5269.0,0.9987777777777778,5269.0,0.9987777777777778,5269.0,0.9987777777777778,5269.0,0.9987777777777778,5269.0,0.9996666666666667,5269.0
17,hard,sleepy,0,409.51997654444443,375.43240000000003,227.96374798014838,9000.0,0.0054444444444444445,8.0,0.01633333333333333,9.0,0.03611111111111111,18.0,0.06455555555555556,34.0,0.09033333333333333,36.0,0.12588888888888888,62.0,0.1668888888888889,62.0,0.20666666666666667,95.0,0.2508888888888889,142.0,0.29333333333333333,145.0,0.3433333333333333,153.0,0.399,154.0,0.4517777777777778,166.0,0.49955555555555553,247.0,0.5487777777777778,398.0,0.5955555555555555,414.0,0.6447777777777778,414.0,0.6947777777777778,416.0,0.7351111111111112,416.0,0.7632222222222222,418.0,0.7898888888888889,418.0,0.8158888888888889,420.0,0.8374444444444444,420.0,0.858,575.0,0.8706666666666667,575.0,0.8858888888888888,577.0,0.8972222222222223,579.0,0.9094444444444445,728.0,0.9198888888888889,728.0,0.9277777777777778,837.0,0.9375555555555556,900.0,0.9437777777777778,901.0,0.9503333333333334,950.0,0.9565555555555556,1100.0,0.9615555555555556,1403.0,0.9683333333333334,2077.0,0.9715555555555555,2132.0,0.9746666666666667,2132.0,0.9764444444444444,2132.0
18,hard,alert,1,288.3359557333333,273.07325000000003,136.083883249681,9000.0,0.01577777777777778,18.0,0.033666666666666664,35.0,0.06288888888888888,63.0,0.092,77.0,0.13066666666666665,141.0,0.17555555555555555,142.0,0.23655555555555555,330.0,0.32844444444444443,392.0,0.42644444444444446,464.0,0.5075555555555555,489.0,0.5914444444444444,576.0,0.6754444444444444,627.0,0.7426666666666667,629.0,0.8027777777777778,644.0,0.8364444444444444,1260.0,0.8594444444444445,1268.0,0.89,1272.0,0.9201111111111111,1289.0,0.9368888888888889,1425.0,0.9467777777777778,2520.0,0.9507777777777778,2520.0,0.9601111111111111,2520.0,0.9676666666666667,2520.0,0.9721111111111111,2520.0,0.9757777777777777,3240.0,0.9808888888888889,3240.0,0.9868888888888889,3241.0,0.9904444444444445,3252.0,0.9937777777777778,3252.0,0.9955555555555555,3252.0,0.9957777777777778,3252.0,0.9962222222222222,3252.0,0.9966666666666667,3252.0,0.9983333333333333,3253.0,0.9984444444444445,3254.0,0.999,3257.0,0.9994444444444445,6474.0,1.0,9000.0,1.0,9000.0
18,hard,sleepy,0,360.0822481555556,320.55809999999997,204.02383393340588,9000.0,0.02722222222222222,34.0,0.04711111111111111,180.0,0.07611111111111112,180.0,0.10211111111111111,180.0,0.127,183.0,0.15655555555555556,183.0,0.19411111111111112,183.0,0.25755555555555554,284.0,0.3178888888888889,360.0,0.37855555555555553,440.0,0.44755555555555554,440.0,0.5093333333333333,537.0,0.5643333333333334,1083.0,0.6091111111111112,1114.0,0.6422222222222222,1132.0,0.681,1440.0,0.7163333333333334,1440.0,0.7461111111111111,1440.0,0.7852222222222223,1440.0,0.827,1440.0,0.8545555555555555,1440.0,0.8748888888888889,1440.0,0.8917777777777778,1440.0,0.9047777777777778,1440.0,0.9125555555555556,1475.0,0.9186666666666666,1475.0,0.9234444444444444,2243.0,0.9301111111111111,2244.0,0.9353333333333333,2520.0,0.9407777777777778,2520.0,0.9513333333333334,2520.0,0.9567777777777777,2520.0,0.9655555555555555,2520.0,0.9703333333333334,2520.0,0.9763333333333334,2520.0,0.984,3275.0,0.9897777777777778,3275.0,0.9933333333333333,3275.0,0.9975555555555555,3275.0
19,hard,alert,1,262.3864972111111,208.0601,197.84088925687885,9000.0,0.01877777777777778,22.0,0.04855555555555555,28.0,0.086,58.0,0.13377777777777777,59.0,0.2078888888888889,79.0,0.3237777777777778,94.0,0.45811111111111114,94.0,0.5755555555555556,143.0,0.6596666666666666,143.0,0.7363333333333333,143.0,0.7912222222222223,143.0,0.8277777777777777,143.0,0.8508888888888889,151.0,0.8643333333333333,151.0,0.873,151.0,0.8826666666666667,151.0,0.8875555555555555,151.0,0.8947777777777778,151.0,0.903,151.0,0.9076666666666666,152.0,0.9125555555555556,153.0,0.9191111111111111,153.0,0.9237777777777778,153.0,0.9284444444444444,214.0,0.9353333333333333,306.0,0.9405555555555556,378.0,0.9455555555555556,496.0,0.949,496.0,0.9516666666666667,496.0,0.9555555555555556,498.0,0.9616666666666667,549.0,0.9663333333333334,678.0,0.9701111111111111,679.0,0.9728888888888889,679.0,0.9756666666666667,839.0,0.9797777777777777,839.0,0.982,1048.0,0.9833333333333333,1048.0,0.9858888888888889,1958.0
19,hard,sleepy,0,246.90910914444447,191.6703,172.70701381071007,9000.0,0.03,27.0,0.06622222222222222,49.0,0.114,65.0,0.18444444444444444,140.0,0.2975555555555556,140.0,0.4222222222222222,141.0,0.5316666666666666,142.0,0.6062222222222222,152.0,0.668,158.0,0.7175555555555555,158.0,0.7632222222222222,160.0,0.7922222222222223,160.0,0.8145555555555556,179.0,0.8347777777777777,179.0,0.8532222222222222,228.0,0.8687777777777778,381.0,0.8797777777777778,531.0,0.89,531.0,0.9014444444444445,531.0,0.9113333333333333,658.0,0.9183333333333333,658.0,0.9266666666666666,658.0,0.9353333333333333,682.0,0.9427777777777778,684.0,0.9518888888888889,1121.0,0.9587777777777777,1322.0,0.9661111111111111,1322.0,0.973,1324.0,0.979,1677.0,0.9842222222222222,1677.0,0.9875555555555555,1678.0,0.9895555555555555,1821.0,0.9915555555555555,1886.0,0.9934444444444445,3509.0,0.9945555555555555,4375.0,0.9957777777777778,4379.0,0.9964444444444445,4380.0,0.997,4392.0,0.9971111111111111,4392.0
20,hard,alert,1,457.4289291888889,416.5369,242.47494411642225,9000.0,0.006111111111111111,10.0,0.01577777777777778,11.0,0.02711111111111111,18.0,0.041777777777777775,41.0,0.06311111111111112,44.0,0.08477777777777777,54.0,0.1131111111111111,55.0,0.14744444444444443,56.0,0.18244444444444444,58.0,0.22111111111111112,84.0,0.26666666666666666,86.0,0.31444444444444447,102.0,0.3602222222222222,103.0,0.4116666666666667,113.0,0.46744444444444444,113.0,0.5166666666666667,124.0,0.5642222222222222,124.0,0.6074444444444445,124.0,0.6541111111111111,158.0,0.6897777777777778,238.0,0.7207777777777777,307.0,0.7494444444444445,308.0,0.7744444444444445,470.0,0.7958888888888889,613.0,0.8155555555555556,616.0,0.8313333333333334,634.0,0.8484444444444444,954.0,0.8616666666666667,1009.0,0.8783333333333333,1042.0,0.8911111111111111,1043.0,0.9075555555555556,1162.0,0.9202222222222223,1162.0,0.9293333333333333,1164.0,0.9397777777777778,1166.0,0.9468888888888889,1167.0,0.9525555555555556,1169.0,0.9597777777777777,2069.0,0.9642222222222222,4072.0,0.9676666666666667,4072.0
20,hard,sleepy,0,676.1330167888889,656.0514499999999,290.4795081937299,9000.0,0.003,4.0,0.006333333333333333,6.0,0.013555555555555555,10.0,0.02,11.0,0.028777777777777777,18.0,0.04,23.0,0.049777777777777775,28.0,0.058555555555555555,29.0,0.06855555555555555,33.0,0.079,33.0,0.08844444444444445,54.0,0.1,54.0,0.11266666666666666,54.0,0.12644444444444444,60.0,0.14366666666666666,60.0,0.16633333333333333,61.0,0.19133333333333333,63.0,0.22444444444444445,63.0,0.253,64.0,0.2843333333333333,68.0,0.3164444444444444,83.0,0.35777777777777775,93.0,0.40155555555555555,93.0,0.4448888888888889,93.0,0.49033333333333334,103.0,0.527,140.0,0.5685555555555556,149.0,0.6042222222222222,181.0,0.6446666666666667,228.0,0.6814444444444444,243.0,0.7144444444444444,403.0,0.7438888888888889,405.0,0.7686666666666667,712.0,0.7904444444444444,813.0,0.8095555555555556,813.0,0.8297777777777777,1027.0,0.8526666666666667,1029.0,0.8714444444444445,1186.0,0.8926666666666667,1445.0
