test_subject,auc,balanced_accuracy,f1,n_test,best_params,tn,fp,fn,tp
1,1.0,1.0,1.0,32,"{'d_model': 16, 'lr': 0.001}",16,0,0,16
2,0.91015625,0.78125,0.8205128205128205,32,"{'d_model': 16, 'lr': 0.001}",9,7,0,16
3,0.9140625,0.78125,0.8205128205128205,32,"{'d_model': 32, 'lr': 0.001}",9,7,0,16
4,1.0,0.625,0.7272727272727273,32,"{'d_model': 16, 'lr': 0.001}",4,12,0,16
5,0.988970588235294,0.59375,0.3157894736842105,33,"{'d_model': 32, 'lr': 0.001}",17,0,13,3
6,0.9907407407407407,0.9444444444444444,0.9473684210526315,36,"{'d_model': 16, 'lr': 0.001}",16,2,0,18
7,0.9444444444444444,0.5,0.0,36,"{'d_model': 16, 'lr': 0.001}",18,0,18,0
8,1.0,0.9444444444444444,0.9473684210526315,36,"{'d_model': 32, 'lr': 0.001}",16,2,0,18
9,1.0,1.0,1.0,36,"{'d_model': 16, 'lr': 0.001}",18,0,0,18
10,0.7654320987654321,0.6111111111111112,0.7083333333333334,36,"{'d_model': 32, 'lr': 0.001}",5,13,1,17
11,0.7839506172839505,0.6944444444444444,0.6206896551724138,36,"{'d_model': 32, 'lr': 0.001}",16,2,9,9
12,0.9411764705882353,0.857843137254902,0.8571428571428571,35,"{'d_model': 32, 'lr': 0.001}",15,2,3,15
13,0.8271604938271606,0.5277777777777778,0.6792452830188679,36,"{'d_model': 32, 'lr': 0.001}",1,17,0,18
14,0.9771241830065358,0.7647058823529411,0.8181818181818182,35,"{'d_model': 32, 'lr': 0.001}",9,8,0,18
15,1.0,1.0,1.0,36,"{'d_model': 32, 'lr': 0.001}",18,0,0,18
16,1.0,0.6666666666666666,0.5,36,"{'d_model': 32, 'lr': 0.001}",18,0,12,6
17,0.9783950617283951,0.8888888888888888,0.9,36,"{'d_model': 32, 'lr': 0.001}",14,4,0,18
18,0.6697530864197531,0.6388888888888888,0.6285714285714286,36,"{'d_model': 32, 'lr': 0.001}",12,6,7,11
19,0.8950617283950618,0.8611111111111112,0.8648648648648649,36,"{'d_model': 32, 'lr': 0.001}",15,3,2,16
20,1.0,0.75,0.6666666666666666,36,"{'d_model': 16, 'lr': 0.001}",18,0,9,9
