test_subject,auc,balanced_accuracy,f1,n_test,best_params,tn,fp,fn,tp,model
1,1.0,0.9375,0.9333333333333333,32,{'C': 1.0},16,0,2,14,logreg
2,0.80859375,0.6875,0.7058823529411765,32,{'C': 1.0},10,6,4,12,logreg
3,1.0,1.0,1.0,33,{'C': 1.0},17,0,0,16,logreg
4,1.0,0.84375,0.8648648648648649,32,{'C': 1.0},11,5,0,16,logreg
5,0.9963235294117647,0.875,0.8571428571428571,33,{'C': 1.0},17,0,4,12,logreg
6,0.9814814814814814,0.8888888888888888,0.875,36,{'C': 1.0},18,0,4,14,logreg
7,0.9320987654320988,0.5,0.0,36,{'C': 10.0},18,0,18,0,logreg
8,0.9753086419753086,0.75,0.8,36,{'C': 10.0},9,9,0,18,logreg
9,1.0,1.0,1.0,36,{'C': 10.0},18,0,0,18,logreg
10,0.7530864197530864,0.5555555555555556,0.6923076923076923,36,{'C': 10.0},2,16,0,18,logreg
11,0.845679012345679,0.6944444444444444,0.6206896551724138,36,{'C': 1.0},16,2,9,9,logreg
12,0.8954248366013071,0.7352941176470589,0.8,35,{'C': 0.1},8,9,0,18,logreg
13,0.8179012345679012,0.6111111111111112,0.72,36,{'C': 1.0},4,14,0,18,logreg
14,0.9738562091503268,0.5882352941176471,0.72,35,{'C': 10.0},3,14,0,18,logreg
15,0.9969135802469136,0.9722222222222222,0.9714285714285714,36,{'C': 1.0},18,0,1,17,logreg
16,0.9814814814814814,0.9166666666666667,0.9230769230769231,36,{'C': 1.0},15,3,0,18,logreg
17,0.9938271604938271,0.7777777777777778,0.8181818181818182,36,{'C': 1.0},10,8,0,18,logreg
18,0.7160493827160493,0.6388888888888888,0.6060606060606061,36,{'C': 1.0},13,5,8,10,logreg
19,0.5524691358024691,0.5833333333333333,0.6808510638297872,36,{'C': 1.0},5,13,2,16,logreg
20,0.8271604938271605,0.8333333333333333,0.8125,36,{'C': 1.0},17,1,5,13,logreg
1,1.0,1.0,1.0,32,"{'C': 10.0, 'kernel': 'rbf'}",16,0,0,16,svm
2,0.8046875,0.71875,0.7096774193548387,32,"{'C': 10.0, 'kernel': 'rbf'}",12,4,5,11,svm
3,1.0,1.0,1.0,33,"{'C': 1.0, 'kernel': 'rbf'}",17,0,0,16,svm
4,0.98046875,0.9375,0.9411764705882353,32,"{'C': 10.0, 'kernel': 'rbf'}",14,2,0,16,svm
5,0.926470588235294,0.78125,0.72,33,"{'C': 1.0, 'kernel': 'rbf'}",17,0,7,9,svm
6,0.9382716049382716,0.8333333333333333,0.8125,36,"{'C': 10.0, 'kernel': 'rbf'}",17,1,5,13,svm
7,0.24074074074074076,0.5,0.0,36,"{'C': 10.0, 'kernel': 'rbf'}",18,0,18,0,svm
8,0.9938271604938271,0.8055555555555556,0.8372093023255814,36,"{'C': 10.0, 'kernel': 'rbf'}",11,7,0,18,svm
9,0.9598765432098766,0.7777777777777778,0.8181818181818182,36,"{'C': 1.0, 'kernel': 'rbf'}",10,8,0,18,svm
10,0.7870370370370371,0.5,0.6538461538461539,36,"{'C': 1.0, 'kernel': 'rbf'}",1,17,1,17,svm
11,0.8024691358024691,0.6388888888888888,0.48,36,"{'C': 10.0, 'kernel': 'rbf'}",17,1,12,6,svm
12,0.7679738562091504,0.6895424836601307,0.6451612903225806,35,"{'C': 10.0, 'kernel': 'rbf'}",14,3,8,10,svm
13,0.9567901234567902,0.75,0.8,36,"{'C': 10.0, 'kernel': 'rbf'}",9,9,0,18,svm
14,0.9803921568627451,0.7058823529411764,0.782608695652174,35,"{'C': 1.0, 'kernel': 'rbf'}",7,10,0,18,svm
15,0.9969135802469136,0.8611111111111112,0.8387096774193549,36,"{'C': 1.0, 'kernel': 'rbf'}",18,0,5,13,svm
16,1.0,0.9722222222222222,0.972972972972973,36,"{'C': 1.0, 'kernel': 'rbf'}",17,1,0,18,svm
17,0.9907407407407407,0.8888888888888888,0.9,36,"{'C': 10.0, 'kernel': 'rbf'}",14,4,0,18,svm
18,0.7253086419753085,0.6666666666666666,0.6666666666666666,36,"{'C': 1.0, 'kernel': 'rbf'}",12,6,6,12,svm
19,0.7160493827160493,0.6388888888888888,0.7111111111111111,36,"{'C': 1.0, 'kernel': 'rbf'}",7,11,2,16,svm
20,0.7901234567901234,0.8611111111111112,0.8387096774193549,36,"{'C': 1.0, 'kernel': 'rbf'}",18,0,5,13,svm
1,1.0,1.0,1.0,32,"{'max_depth': None, 'n_estimators': 200}",16,0,0,16,rf
2,0.8203125,0.75,0.7142857142857143,32,"{'max_depth': 8, 'n_estimators': 200}",14,2,6,10,rf
3,0.9154411764705882,0.8511029411764706,0.8571428571428571,33,"{'max_depth': 6, 'n_estimators': 100}",13,4,1,15,rf
4,0.9921875,0.875,0.8888888888888888,32,"{'max_depth': 8, 'n_estimators': 200}",12,4,0,16,rf
5,0.9889705882352942,0.78125,0.72,33,"{'max_depth': 6, 'n_estimators': 100}",17,0,7,9,rf
6,0.9722222222222222,0.8611111111111112,0.8387096774193549,36,"{'max_depth': None, 'n_estimators': 200}",18,0,5,13,rf
7,0.8456790123456791,0.5,0.0,36,"{'max_depth': 8, 'n_estimators': 100}",18,0,18,0,rf
8,0.9475308641975309,0.75,0.8,36,"{'max_depth': 8, 'n_estimators': 200}",9,9,0,18,rf
9,1.0,1.0,1.0,36,"{'max_depth': 6, 'n_estimators': 200}",18,0,0,18,rf
10,0.7160493827160495,0.5277777777777778,0.6666666666666666,36,"{'max_depth': 6, 'n_estimators': 200}",2,16,1,17,rf
11,0.7407407407407407,0.6666666666666666,0.5714285714285714,36,"{'max_depth': 6, 'n_estimators': 200}",16,2,10,8,rf
12,0.738562091503268,0.6911764705882353,0.6206896551724138,35,"{'max_depth': 8, 'n_estimators': 100}",15,2,9,9,rf
13,0.8858024691358025,0.8055555555555556,0.8372093023255814,36,"{'max_depth': 8, 'n_estimators': 100}",11,7,0,18,rf
14,0.9869281045751633,0.8823529411764706,0.9,35,"{'max_depth': 6, 'n_estimators': 200}",13,4,0,18,rf
15,0.9691358024691359,0.8333333333333333,0.8,36,"{'max_depth': 6, 'n_estimators': 100}",18,0,6,12,rf
16,0.9814814814814815,0.9166666666666667,0.9230769230769231,36,"{'max_depth': None, 'n_estimators': 100}",15,3,0,18,rf
17,1.0,0.9166666666666667,0.9230769230769231,36,"{'max_depth': 6, 'n_estimators': 200}",15,3,0,18,rf
18,0.8858024691358024,0.8055555555555556,0.8,36,"{'max_depth': 8, 'n_estimators': 200}",15,3,4,14,rf
19,0.6574074074074074,0.6388888888888888,0.6666666666666666,36,"{'max_depth': None, 'n_estimators': 100}",10,8,5,13,rf
20,0.867283950617284,0.7222222222222223,0.6875,36,"{'max_depth': 6, 'n_estimators': 200}",15,3,7,11,rf
1,1.0,0.96875,0.967741935483871,32,"{'epochs': 30, 'hidden': [32, 16], 'lr': 0.001}",16,0,1,15,mlp
2,0.85546875,0.75,0.7333333333333333,32,"{'epochs': 30, 'hidden': [32, 16], 'lr': 0.001}",13,3,5,11,mlp
3,1.0,0.9705882352941176,0.9696969696969697,33,"{'epochs': 30, 'hidden': [16], 'lr': 0.001}",16,1,0,16,mlp
4,0.87109375,0.875,0.8888888888888888,32,"{'epochs': 30, 'hidden': [32, 16], 'lr': 0.001}",12,4,0,16,mlp
5,0.9889705882352942,0.75,0.6666666666666666,33,"{'epochs': 30, 'hidden': [32, 16], 'lr': 0.001}",17,0,8,8,mlp
6,0.9845679012345678,0.8611111111111112,0.8387096774193549,36,"{'epochs': 30, 'hidden': [32, 16], 'lr': 0.001}",18,0,5,13,mlp
7,0.8950617283950617,0.5,0.0,36,"{'epochs': 30, 'hidden': [32, 16], 'lr': 0.001}",18,0,18,0,mlp
8,0.9938271604938271,0.7777777777777778,0.8181818181818182,36,"{'epochs': 30, 'hidden': [32, 16], 'lr': 0.001}",10,8,0,18,mlp
9,1.0,0.9722222222222222,0.9714285714285714,36,"{'epochs': 30, 'hidden': [32, 16], 'lr': 0.001}",18,0,1,17,mlp
10,0.7469135802469136,0.5277777777777778,0.6666666666666666,36,"{'epochs': 30, 'hidden': [32, 16], 'lr': 0.001}",2,16,1,17,mlp
11,0.75,0.6666666666666666,0.5384615384615384,36,"{'epochs': 30, 'hidden': [32, 16], 'lr': 0.001}",17,1,11,7,mlp
12,0.8627450980392157,0.7696078431372549,0.7894736842105263,35,"{'epochs': 30, 'hidden': [32, 16], 'lr': 0.001}",12,5,3,15,mlp
13,0.7716049382716049,0.5555555555555556,0.6923076923076923,36,"{'epochs': 30, 'hidden': [16], 'lr': 0.001}",2,16,0,18,mlp
14,0.957516339869281,0.7058823529411764,0.782608695652174,35,"{'epochs': 30, 'hidden': [16], 'lr': 0.001}",7,10,0,18,mlp
15,0.9845679012345678,0.9166666666666667,0.9090909090909091,36,"{'epochs': 30, 'hidden': [16], 'lr': 0.001}",18,0,3,15,mlp
16,1.0,0.9166666666666667,0.9230769230769231,36,"{'epochs': 30, 'hidden': [16], 'lr': 0.001}",15,3,0,18,mlp
17,0.9444444444444444,0.8888888888888888,0.9,36,"{'epochs': 30, 'hidden': [32, 16], 'lr': 0.001}",14,4,0,18,mlp
18,0.8395061728395061,0.75,0.7567567567567568,36,"{'epochs': 30, 'hidden': [32, 16], 'lr': 0.001}",13,5,4,14,mlp
19,0.7006172839506172,0.611111111111111,0.6956521739130435,36,"{'epochs': 30, 'hidden': [16], 'lr': 0.001}",6,12,2,16,mlp
20,0.8395061728395061,0.8611111111111112,0.8387096774193549,36,"{'epochs': 30, 'hidden': [16], 'lr': 0.001}",18,0,5,13,mlp
1,1.0,0.96875,0.967741935483871,32,"{'epochs': 30, 'hidden': 16}",16,0,1,15,lstm
2,0.8203125,0.6875,0.6875,32,"{'epochs': 30, 'hidden': 16}",11,5,5,11,lstm
3,0.9963235294117647,0.9705882352941176,0.9696969696969697,33,"{'epochs': 30, 'hidden': 32}",16,1,0,16,lstm
4,1.0,0.84375,0.8648648648648649,32,"{'epochs': 30, 'hidden': 32}",11,5,0,16,lstm
5,0.9558823529411765,0.78125,0.72,33,"{'epochs': 30, 'hidden': 32}",17,0,7,9,lstm
6,0.9814814814814815,0.8611111111111112,0.8387096774193549,36,"{'epochs': 30, 'hidden': 32}",18,0,5,13,lstm
7,0.7222222222222222,0.5,0.0,36,"{'epochs': 30, 'hidden': 32}",18,0,18,0,lstm
8,0.9938271604938271,0.8333333333333333,0.8571428571428571,36,"{'epochs': 30, 'hidden': 32}",12,6,0,18,lstm
9,1.0,1.0,1.0,36,"{'epochs': 30, 'hidden': 32}",18,0,0,18,lstm
10,0.7006172839506173,0.5,0.6538461538461539,36,"{'epochs': 30, 'hidden': 32}",1,17,1,17,lstm
11,0.7685185185185185,0.6666666666666666,0.5714285714285714,36,"{'epochs': 30, 'hidden': 32}",16,2,10,8,lstm
12,0.8202614379084967,0.7124183006535948,0.7368421052631579,35,"{'epochs': 30, 'hidden': 32}",11,6,4,14,lstm
13,0.845679012345679,0.6944444444444444,0.7659574468085106,36,"{'epochs': 30, 'hidden': 32}",7,11,0,18,lstm
14,0.9771241830065359,0.7352941176470589,0.8,35,"{'epochs': 30, 'hidden': 32}",8,9,0,18,lstm
15,0.9660493827160495,0.8611111111111112,0.8387096774193549,36,"{'epochs': 30, 'hidden': 32}",18,0,5,13,lstm
16,1.0,0.9722222222222222,0.972972972972973,36,"{'epochs': 30, 'hidden': 32}",17,1,0,18,lstm
17,0.9691358024691358,0.9166666666666667,0.9230769230769231,36,"{'epochs': 30, 'hidden': 16}",15,3,0,18,lstm
18,0.7098765432098766,0.6111111111111112,0.5882352941176471,36,"{'epochs': 30, 'hidden': 16}",12,6,8,10,lstm
19,0.7067901234567902,0.5833333333333333,0.6341463414634146,36,"{'epochs': 30, 'hidden': 16}",8,10,5,13,lstm
20,0.7962962962962962,0.7777777777777778,0.7647058823529411,36,"{'epochs': 30, 'hidden': 16}",15,3,5,13,lstm
