test_subject,auc,balanced_accuracy,f1,n_test,best_params,tn,fp,fn,tp,model,condition
1,1.0,1.0,1.0,32,"{'d_model': 16, 'lr': 0.001}",16,0,0,16,F3_cross_attn,all
2,0.91015625,0.78125,0.8205128205128205,32,"{'d_model': 16, 'lr': 0.001}",9,7,0,16,F3_cross_attn,all
3,0.9140625,0.78125,0.8205128205128205,32,"{'d_model': 32, 'lr': 0.001}",9,7,0,16,F3_cross_attn,all
4,1.0,0.625,0.7272727272727273,32,"{'d_model': 16, 'lr': 0.001}",4,12,0,16,F3_cross_attn,all
5,0.988970588235294,0.59375,0.3157894736842105,33,"{'d_model': 32, 'lr': 0.001}",17,0,13,3,F3_cross_attn,all
6,0.9907407407407407,0.9444444444444444,0.9473684210526315,36,"{'d_model': 16, 'lr': 0.001}",16,2,0,18,F3_cross_attn,all
7,0.9444444444444444,0.5,0.0,36,"{'d_model': 16, 'lr': 0.001}",18,0,18,0,F3_cross_attn,all
8,1.0,0.9444444444444444,0.9473684210526315,36,"{'d_model': 32, 'lr': 0.001}",16,2,0,18,F3_cross_attn,all
9,1.0,1.0,1.0,36,"{'d_model': 16, 'lr': 0.001}",18,0,0,18,F3_cross_attn,all
10,0.7654320987654321,0.6111111111111112,0.7083333333333334,36,"{'d_model': 32, 'lr': 0.001}",5,13,1,17,F3_cross_attn,all
11,0.7839506172839505,0.6944444444444444,0.6206896551724138,36,"{'d_model': 32, 'lr': 0.001}",16,2,9,9,F3_cross_attn,all
12,0.9411764705882353,0.857843137254902,0.8571428571428571,35,"{'d_model': 32, 'lr': 0.001}",15,2,3,15,F3_cross_attn,all
13,0.8271604938271606,0.5277777777777778,0.6792452830188679,36,"{'d_model': 32, 'lr': 0.001}",1,17,0,18,F3_cross_attn,all
14,0.9771241830065358,0.7647058823529411,0.8181818181818182,35,"{'d_model': 32, 'lr': 0.001}",9,8,0,18,F3_cross_attn,all
15,1.0,1.0,1.0,36,"{'d_model': 32, 'lr': 0.001}",18,0,0,18,F3_cross_attn,all
16,1.0,0.6666666666666666,0.5,36,"{'d_model': 32, 'lr': 0.001}",18,0,12,6,F3_cross_attn,all
17,0.9783950617283951,0.8888888888888888,0.9,36,"{'d_model': 32, 'lr': 0.001}",14,4,0,18,F3_cross_attn,all
18,0.6697530864197531,0.6388888888888888,0.6285714285714286,36,"{'d_model': 32, 'lr': 0.001}",12,6,7,11,F3_cross_attn,all
19,0.8950617283950618,0.8611111111111112,0.8648648648648649,36,"{'d_model': 32, 'lr': 0.001}",15,3,2,16,F3_cross_attn,all
20,1.0,0.75,0.6666666666666666,36,"{'d_model': 16, 'lr': 0.001}",18,0,9,9,F3_cross_attn,all
1,0.984375,0.9375,0.9411764705882353,32,"{'d_model': 32, 'lr': 0.001}",14,2,0,16,F3_cross_attn,drop_gaze
2,0.796875,0.71875,0.7428571428571429,32,"{'d_model': 32, 'lr': 0.001}",10,6,3,13,F3_cross_attn,drop_gaze
3,0.8828125,0.8125,0.8421052631578947,32,"{'d_model': 32, 'lr': 0.001}",10,6,0,16,F3_cross_attn,drop_gaze
4,0.85546875,0.59375,0.7111111111111111,32,"{'d_model': 16, 'lr': 0.001}",3,13,0,16,F3_cross_attn,drop_gaze
5,1.0,0.75,0.6666666666666666,33,"{'d_model': 16, 'lr': 0.001}",17,0,8,8,F3_cross_attn,drop_gaze
6,0.8302469135802469,0.8611111111111112,0.8780487804878049,36,"{'d_model': 16, 'lr': 0.001}",13,5,0,18,F3_cross_attn,drop_gaze
7,0.962962962962963,0.8888888888888888,0.8947368421052632,36,"{'d_model': 32, 'lr': 0.001}",15,3,1,17,F3_cross_attn,drop_gaze
8,0.9166666666666667,0.7777777777777778,0.8181818181818182,36,"{'d_model': 32, 'lr': 0.001}",10,8,0,18,F3_cross_attn,drop_gaze
9,1.0,0.9722222222222222,0.972972972972973,36,"{'d_model': 16, 'lr': 0.001}",17,1,0,18,F3_cross_attn,drop_gaze
10,0.6882716049382716,0.5833333333333333,0.6341463414634146,36,"{'d_model': 32, 'lr': 0.001}",8,10,5,13,F3_cross_attn,drop_gaze
11,0.771604938271605,0.6944444444444444,0.7441860465116279,36,"{'d_model': 16, 'lr': 0.001}",9,9,2,16,F3_cross_attn,drop_gaze
12,0.696078431372549,0.6503267973856208,0.7272727272727273,35,"{'d_model': 32, 'lr': 0.001}",7,10,2,16,F3_cross_attn,drop_gaze
13,0.7037037037037037,0.5,0.6666666666666666,36,"{'d_model': 16, 'lr': 0.001}",0,18,0,18,F3_cross_attn,drop_gaze
14,0.9313725490196079,0.6928104575163399,0.5925925925925926,35,"{'d_model': 32, 'lr': 0.001}",16,1,10,8,F3_cross_attn,drop_gaze
15,1.0,1.0,1.0,36,"{'d_model': 16, 'lr': 0.001}",18,0,0,18,F3_cross_attn,drop_gaze
16,0.7901234567901234,0.5555555555555556,0.2,36,"{'d_model': 32, 'lr': 0.001}",18,0,16,2,F3_cross_attn,drop_gaze
17,0.7469135802469136,0.6388888888888888,0.7346938775510204,36,"{'d_model': 16, 'lr': 0.001}",5,13,0,18,F3_cross_attn,drop_gaze
18,0.6419753086419753,0.5277777777777778,0.6046511627906976,36,"{'d_model': 16, 'lr': 0.001}",6,12,5,13,F3_cross_attn,drop_gaze
19,0.9567901234567902,0.8055555555555556,0.8372093023255814,36,"{'d_model': 16, 'lr': 0.001}",11,7,0,18,F3_cross_attn,drop_gaze
20,0.9907407407407407,0.6666666666666666,0.5,36,"{'d_model': 32, 'lr': 0.001}",18,0,12,6,F3_cross_attn,drop_gaze
1,1.0,0.84375,0.8148148148148148,32,"{'d_model': 16, 'lr': 0.001}",16,0,5,11,F3_cross_attn,drop_eye
2,0.78515625,0.71875,0.7096774193548387,32,"{'d_model': 16, 'lr': 0.001}",12,4,5,11,F3_cross_attn,drop_eye
3,1.0,1.0,1.0,32,"{'d_model': 16, 'lr': 0.001}",16,0,0,16,F3_cross_attn,drop_eye
4,0.984375,0.875,0.8888888888888888,32,"{'d_model': 16, 'lr': 0.001}",12,4,0,16,F3_cross_attn,drop_eye
5,0.9669117647058822,0.6875,0.5454545454545454,33,"{'d_model': 32, 'lr': 0.001}",17,0,10,6,F3_cross_attn,drop_eye
6,0.9814814814814814,0.7222222222222222,0.6153846153846154,36,"{'d_model': 32, 'lr': 0.001}",18,0,10,8,F3_cross_attn,drop_eye
7,0.7901234567901234,0.5,0.0,36,"{'d_model': 32, 'lr': 0.001}",18,0,18,0,F3_cross_attn,drop_eye
8,0.9845679012345678,0.7222222222222222,0.782608695652174,36,"{'d_model': 32, 'lr': 0.001}",8,10,0,18,F3_cross_attn,drop_eye
9,1.0,1.0,1.0,36,"{'d_model': 32, 'lr': 0.001}",18,0,0,18,F3_cross_attn,drop_eye
10,0.6790123456790124,0.5277777777777778,0.6382978723404256,36,"{'d_model': 32, 'lr': 0.001}",4,14,3,15,F3_cross_attn,drop_eye
11,0.6882716049382717,0.7222222222222222,0.6153846153846154,36,"{'d_model': 32, 'lr': 0.001}",18,0,10,8,F3_cross_attn,drop_eye
12,0.8986928104575164,0.803921568627451,0.7741935483870968,35,"{'d_model': 32, 'lr': 0.001}",16,1,6,12,F3_cross_attn,drop_eye
13,0.7654320987654321,0.6944444444444444,0.7659574468085106,36,"{'d_model': 32, 'lr': 0.001}",7,11,0,18,F3_cross_attn,drop_eye
14,0.9738562091503267,0.8235294117647058,0.8571428571428571,35,"{'d_model': 32, 'lr': 0.001}",11,6,0,18,F3_cross_attn,drop_eye
15,0.9938271604938271,0.8888888888888888,0.875,36,"{'d_model': 32, 'lr': 0.001}",18,0,4,14,F3_cross_attn,drop_eye
16,0.9938271604938271,0.9166666666666667,0.9230769230769231,36,"{'d_model': 32, 'lr': 0.001}",15,3,0,18,F3_cross_attn,drop_eye
17,0.978395061728395,0.9166666666666667,0.9230769230769231,36,"{'d_model': 32, 'lr': 0.001}",15,3,0,18,F3_cross_attn,drop_eye
18,0.7283950617283951,0.6666666666666667,0.625,36,"{'d_model': 16, 'lr': 0.001}",14,4,8,10,F3_cross_attn,drop_eye
19,0.537037037037037,0.5555555555555556,0.6363636363636364,36,"{'d_model': 16, 'lr': 0.001}",6,12,4,14,F3_cross_attn,drop_eye
20,0.8302469135802469,0.7777777777777778,0.7647058823529411,36,"{'d_model': 32, 'lr': 0.001}",15,3,5,13,F3_cross_attn,drop_eye
1,1.0,1.0,1.0,32,"{'d_model': 16, 'lr': 0.001}",16,0,0,16,F3_cross_attn,drop_mouth
2,0.94140625,0.75,0.8,32,"{'d_model': 32, 'lr': 0.001}",8,8,0,16,F3_cross_attn,drop_mouth
3,0.98828125,0.90625,0.9142857142857143,32,"{'d_model': 16, 'lr': 0.001}",13,3,0,16,F3_cross_attn,drop_mouth
4,1.0,0.625,0.7272727272727273,32,"{'d_model': 32, 'lr': 0.001}",4,12,0,16,F3_cross_attn,drop_mouth
5,0.9779411764705882,0.65625,0.47619047619047616,33,"{'d_model': 16, 'lr': 0.001}",17,0,11,5,F3_cross_attn,drop_mouth
6,1.0,0.9722222222222222,0.9714285714285714,36,"{'d_model': 32, 'lr': 0.001}",18,0,1,17,F3_cross_attn,drop_mouth
7,0.9567901234567902,0.5,0.0,36,"{'d_model': 16, 'lr': 0.001}",18,0,18,0,F3_cross_attn,drop_mouth
8,1.0,0.9722222222222222,0.972972972972973,36,"{'d_model': 32, 'lr': 0.001}",17,1,0,18,F3_cross_attn,drop_mouth
9,1.0,1.0,1.0,36,"{'d_model': 32, 'lr': 0.001}",18,0,0,18,F3_cross_attn,drop_mouth
10,0.8024691358024691,0.75,0.7906976744186046,36,"{'d_model': 32, 'lr': 0.001}",10,8,1,17,F3_cross_attn,drop_mouth
11,0.8580246913580247,0.75,0.7096774193548387,36,"{'d_model': 32, 'lr': 0.001}",16,2,7,11,F3_cross_attn,drop_mouth
12,0.8464052287581699,0.8316993464052287,0.8125,35,"{'d_model': 32, 'lr': 0.001}",16,1,5,13,F3_cross_attn,drop_mouth
13,0.7839506172839507,0.5277777777777778,0.6792452830188679,36,"{'d_model': 16, 'lr': 0.001}",1,17,0,18,F3_cross_attn,drop_mouth
14,0.9934640522875817,0.7941176470588236,0.8372093023255814,35,"{'d_model': 16, 'lr': 0.001}",10,7,0,18,F3_cross_attn,drop_mouth
15,1.0,1.0,1.0,36,"{'d_model': 16, 'lr': 0.001}",18,0,0,18,F3_cross_attn,drop_mouth
16,0.9969135802469136,0.8333333333333333,0.8,36,"{'d_model': 32, 'lr': 0.001}",18,0,6,12,F3_cross_attn,drop_mouth
17,1.0,0.75,0.8,36,"{'d_model': 32, 'lr': 0.001}",9,9,0,18,F3_cross_attn,drop_mouth
18,0.7808641975308642,0.7222222222222223,0.75,36,"{'d_model': 16, 'lr': 0.001}",11,7,3,15,F3_cross_attn,drop_mouth
19,0.7654320987654322,0.6944444444444444,0.7441860465116279,36,"{'d_model': 32, 'lr': 0.001}",9,9,2,16,F3_cross_attn,drop_mouth
20,1.0,0.6111111111111112,0.36363636363636365,36,"{'d_model': 32, 'lr': 0.001}",18,0,14,4,F3_cross_attn,drop_mouth
1,1.0,0.875,0.8571428571428571,32,"{'d_model': 32, 'lr': 0.001}",16,0,4,12,F3_cross_attn,gaze_only
2,0.76171875,0.6875,0.6666666666666666,32,"{'d_model': 32, 'lr': 0.001}",12,4,6,10,F3_cross_attn,gaze_only
3,1.0,1.0,1.0,32,"{'d_model': 16, 'lr': 0.001}",16,0,0,16,F3_cross_attn,gaze_only
4,1.0,0.875,0.8888888888888888,32,"{'d_model': 32, 'lr': 0.001}",12,4,0,16,F3_cross_attn,gaze_only
5,0.9852941176470588,0.78125,0.72,33,"{'d_model': 32, 'lr': 0.001}",17,0,7,9,F3_cross_attn,gaze_only
6,0.9876543209876543,0.7777777777777778,0.7142857142857143,36,"{'d_model': 16, 'lr': 0.001}",18,0,8,10,F3_cross_attn,gaze_only
7,0.7746913580246914,0.5,0.0,36,"{'d_model': 16, 'lr': 0.001}",18,0,18,0,F3_cross_attn,gaze_only
8,0.9783950617283951,0.7777777777777778,0.8181818181818182,36,"{'d_model': 16, 'lr': 0.001}",10,8,0,18,F3_cross_attn,gaze_only
9,1.0,1.0,1.0,36,"{'d_model': 16, 'lr': 0.001}",18,0,0,18,F3_cross_attn,gaze_only
10,0.6697530864197531,0.5833333333333334,0.7058823529411765,36,"{'d_model': 16, 'lr': 0.001}",3,15,0,18,F3_cross_attn,gaze_only
11,0.7623456790123457,0.6944444444444444,0.6206896551724138,36,"{'d_model': 16, 'lr': 0.001}",16,2,9,9,F3_cross_attn,gaze_only
12,0.8660130718954249,0.7467320261437909,0.7096774193548387,35,"{'d_model': 32, 'lr': 0.001}",15,2,7,11,F3_cross_attn,gaze_only
13,0.8487654320987654,0.6666666666666666,0.75,36,"{'d_model': 16, 'lr': 0.001}",6,12,0,18,F3_cross_attn,gaze_only
14,0.9673202614379085,0.8529411764705883,0.8780487804878049,35,"{'d_model': 32, 'lr': 0.001}",12,5,0,18,F3_cross_attn,gaze_only
15,0.9969135802469136,0.9166666666666667,0.9090909090909091,36,"{'d_model': 16, 'lr': 0.001}",18,0,3,15,F3_cross_attn,gaze_only
16,0.9814814814814814,0.9166666666666667,0.9230769230769231,36,"{'d_model': 16, 'lr': 0.001}",15,3,0,18,F3_cross_attn,gaze_only
17,0.9907407407407407,0.8888888888888888,0.9,36,"{'d_model': 16, 'lr': 0.001}",14,4,0,18,F3_cross_attn,gaze_only
18,0.7685185185185185,0.6666666666666667,0.625,36,"{'d_model': 16, 'lr': 0.001}",14,4,8,10,F3_cross_attn,gaze_only
19,0.5802469135802468,0.5277777777777778,0.6046511627906976,36,"{'d_model': 16, 'lr': 0.001}",6,12,5,13,F3_cross_attn,gaze_only
20,0.8395061728395061,0.7777777777777778,0.7647058823529411,36,"{'d_model': 32, 'lr': 0.001}",15,3,5,13,F3_cross_attn,gaze_only
1,0.984375,0.9375,0.9411764705882353,32,"{'d_model': 32, 'lr': 0.001}",14,2,0,16,F3_cross_attn,face_only
2,0.796875,0.71875,0.7428571428571429,32,"{'d_model': 32, 'lr': 0.001}",10,6,3,13,F3_cross_attn,face_only
3,0.8828125,0.8125,0.8421052631578947,32,"{'d_model': 32, 'lr': 0.001}",10,6,0,16,F3_cross_attn,face_only
4,0.85546875,0.59375,0.7111111111111111,32,"{'d_model': 16, 'lr': 0.001}",3,13,0,16,F3_cross_attn,face_only
5,1.0,0.75,0.6666666666666666,33,"{'d_model': 16, 'lr': 0.001}",17,0,8,8,F3_cross_attn,face_only
6,0.8302469135802469,0.8611111111111112,0.8780487804878049,36,"{'d_model': 16, 'lr': 0.001}",13,5,0,18,F3_cross_attn,face_only
7,0.962962962962963,0.8888888888888888,0.8947368421052632,36,"{'d_model': 32, 'lr': 0.001}",15,3,1,17,F3_cross_attn,face_only
8,0.9166666666666667,0.7777777777777778,0.8181818181818182,36,"{'d_model': 32, 'lr': 0.001}",10,8,0,18,F3_cross_attn,face_only
9,1.0,0.9722222222222222,0.972972972972973,36,"{'d_model': 16, 'lr': 0.001}",17,1,0,18,F3_cross_attn,face_only
10,0.6882716049382716,0.5833333333333333,0.6341463414634146,36,"{'d_model': 32, 'lr': 0.001}",8,10,5,13,F3_cross_attn,face_only
11,0.771604938271605,0.6944444444444444,0.7441860465116279,36,"{'d_model': 16, 'lr': 0.001}",9,9,2,16,F3_cross_attn,face_only
12,0.696078431372549,0.6503267973856208,0.7272727272727273,35,"{'d_model': 32, 'lr': 0.001}",7,10,2,16,F3_cross_attn,face_only
13,0.7037037037037037,0.5,0.6666666666666666,36,"{'d_model': 16, 'lr': 0.001}",0,18,0,18,F3_cross_attn,face_only
14,0.9313725490196079,0.6928104575163399,0.5925925925925926,35,"{'d_model': 32, 'lr': 0.001}",16,1,10,8,F3_cross_attn,face_only
15,1.0,1.0,1.0,36,"{'d_model': 16, 'lr': 0.001}",18,0,0,18,F3_cross_attn,face_only
16,0.7901234567901234,0.5555555555555556,0.2,36,"{'d_model': 32, 'lr': 0.001}",18,0,16,2,F3_cross_attn,face_only
17,0.7469135802469136,0.6388888888888888,0.7346938775510204,36,"{'d_model': 16, 'lr': 0.001}",5,13,0,18,F3_cross_attn,face_only
18,0.6419753086419753,0.5277777777777778,0.6046511627906976,36,"{'d_model': 16, 'lr': 0.001}",6,12,5,13,F3_cross_attn,face_only
19,0.9567901234567902,0.8055555555555556,0.8372093023255814,36,"{'d_model': 16, 'lr': 0.001}",11,7,0,18,F3_cross_attn,face_only
20,0.9907407407407407,0.6666666666666666,0.5,36,"{'d_model': 32, 'lr': 0.001}",18,0,12,6,F3_cross_attn,face_only
