test_subject,auc,balanced_accuracy,f1,n_test,best_params,tn,fp,fn,tp,model,difficulty
1,1.0,0.9375,0.9333333333333333,32,{'C': 1.0},16,0,2,14,E1_gaze_logreg,all
2,0.80859375,0.6875,0.7058823529411765,32,{'C': 1.0},10,6,4,12,E1_gaze_logreg,all
3,1.0,1.0,1.0,32,{'C': 1.0},16,0,0,16,E1_gaze_logreg,all
4,1.0,0.84375,0.8648648648648649,32,{'C': 1.0},11,5,0,16,E1_gaze_logreg,all
5,0.9963235294117647,0.875,0.8571428571428571,33,{'C': 1.0},17,0,4,12,E1_gaze_logreg,all
6,0.9814814814814814,0.8888888888888888,0.875,36,{'C': 1.0},18,0,4,14,E1_gaze_logreg,all
7,0.9320987654320988,0.5,0.0,36,{'C': 10.0},18,0,18,0,E1_gaze_logreg,all
8,0.9691358024691358,0.6944444444444444,0.7659574468085106,36,{'C': 0.1},7,11,0,18,E1_gaze_logreg,all
9,1.0,1.0,1.0,36,{'C': 1.0},18,0,0,18,E1_gaze_logreg,all
10,0.8179012345679012,0.5,0.6666666666666666,36,{'C': 0.1},0,18,0,18,E1_gaze_logreg,all
11,0.845679012345679,0.6944444444444444,0.6206896551724138,36,{'C': 1.0},16,2,9,9,E1_gaze_logreg,all
12,0.8954248366013071,0.7352941176470589,0.8,35,{'C': 0.1},8,9,0,18,E1_gaze_logreg,all
13,0.8024691358024691,0.6388888888888888,0.7346938775510204,36,{'C': 10.0},5,13,0,18,E1_gaze_logreg,all
14,0.9738562091503268,0.5882352941176471,0.72,35,{'C': 10.0},3,14,0,18,E1_gaze_logreg,all
15,0.9969135802469136,0.9722222222222222,0.9714285714285714,36,{'C': 1.0},18,0,1,17,E1_gaze_logreg,all
16,0.9783950617283951,0.9166666666666667,0.9230769230769231,36,{'C': 10.0},15,3,0,18,E1_gaze_logreg,all
17,0.9845679012345678,0.8055555555555556,0.8372093023255814,36,{'C': 10.0},11,7,0,18,E1_gaze_logreg,all
18,0.7160493827160493,0.6388888888888888,0.6060606060606061,36,{'C': 1.0},13,5,8,10,E1_gaze_logreg,all
19,0.5524691358024691,0.5833333333333333,0.6808510638297872,36,{'C': 1.0},5,13,2,16,E1_gaze_logreg,all
20,0.8271604938271605,0.8333333333333333,0.8125,36,{'C': 1.0},17,1,5,13,E1_gaze_logreg,all
1,1.0,1.0,1.0,32,"{'epochs': 30, 'hidden': [16], 'lr': 0.001}",16,0,0,16,E2_face_mlp,all
2,0.66796875,0.5625,0.5625,32,"{'epochs': 30, 'hidden': [16], 'lr': 0.001}",9,7,7,9,E2_face_mlp,all
3,0.88671875,0.8125,0.8421052631578947,32,"{'epochs': 30, 'hidden': [16], 'lr': 0.001}",10,6,0,16,E2_face_mlp,all
4,0.76171875,0.59375,0.7111111111111111,32,"{'epochs': 30, 'hidden': [16], 'lr': 0.001}",3,13,0,16,E2_face_mlp,all
5,1.0,0.65625,0.47619047619047616,33,"{'epochs': 30, 'hidden': [16], 'lr': 0.001}",17,0,11,5,E2_face_mlp,all
6,0.9012345679012346,0.8333333333333333,0.8571428571428571,36,"{'epochs': 30, 'hidden': [16], 'lr': 0.001}",12,6,0,18,E2_face_mlp,all
7,0.9320987654320988,0.8055555555555556,0.7878787878787878,36,"{'epochs': 30, 'hidden': [16], 'lr': 0.001}",16,2,5,13,E2_face_mlp,all
8,0.9938271604938271,0.9166666666666667,0.9090909090909091,36,"{'epochs': 30, 'hidden': [16], 'lr': 0.001}",18,0,3,15,E2_face_mlp,all
9,1.0,0.9722222222222222,0.972972972972973,36,"{'epochs': 30, 'hidden': [16], 'lr': 0.001}",17,1,0,18,E2_face_mlp,all
10,0.6481481481481481,0.5833333333333334,0.5714285714285714,36,"{'epochs': 30, 'hidden': [16], 'lr': 0.001}",11,7,8,10,E2_face_mlp,all
11,0.7932098765432098,0.6666666666666667,0.7142857142857143,36,"{'epochs': 30, 'hidden': [16], 'lr': 0.001}",9,9,3,15,E2_face_mlp,all
12,0.6372549019607843,0.5032679738562091,0.6530612244897959,35,"{'epochs': 30, 'hidden': [16], 'lr': 0.001}",2,15,2,16,E2_face_mlp,all
13,0.7777777777777778,0.5,0.6666666666666666,36,"{'epochs': 30, 'hidden': [16], 'lr': 0.001}",0,18,0,18,E2_face_mlp,all
14,0.9967320261437909,0.6944444444444444,0.56,35,"{'epochs': 30, 'hidden': [16], 'lr': 0.001}",17,0,11,7,E2_face_mlp,all
15,1.0,0.9722222222222222,0.9714285714285714,36,"{'epochs': 30, 'hidden': [16], 'lr': 0.001}",18,0,1,17,E2_face_mlp,all
16,0.9537037037037037,0.6111111111111112,0.36363636363636365,36,"{'epochs': 30, 'hidden': [32, 16], 'lr': 0.001}",18,0,14,4,E2_face_mlp,all
17,0.5061728395061729,0.5833333333333333,0.6808510638297872,36,"{'epochs': 30, 'hidden': [32, 16], 'lr': 0.001}",5,13,2,16,E2_face_mlp,all
18,0.75,0.6388888888888888,0.6060606060606061,36,"{'epochs': 30, 'hidden': [32, 16], 'lr': 0.001}",13,5,8,10,E2_face_mlp,all
19,0.9722222222222222,0.8333333333333333,0.8571428571428571,36,"{'epochs': 30, 'hidden': [32, 16], 'lr': 0.001}",12,6,0,18,E2_face_mlp,all
20,1.0,0.8333333333333333,0.8,36,"{'epochs': 30, 'hidden': [16], 'lr': 0.001}",18,0,6,12,E2_face_mlp,all
1,1.0,1.0,1.0,32,"{'d_model': 16, 'lr': 0.001}",16,0,0,16,E3_F3_cross_attn,all
2,0.91015625,0.78125,0.8205128205128205,32,"{'d_model': 16, 'lr': 0.001}",9,7,0,16,E3_F3_cross_attn,all
3,0.9140625,0.78125,0.8205128205128205,32,"{'d_model': 32, 'lr': 0.001}",9,7,0,16,E3_F3_cross_attn,all
4,1.0,0.625,0.7272727272727273,32,"{'d_model': 16, 'lr': 0.001}",4,12,0,16,E3_F3_cross_attn,all
5,0.988970588235294,0.59375,0.3157894736842105,33,"{'d_model': 32, 'lr': 0.001}",17,0,13,3,E3_F3_cross_attn,all
6,0.9907407407407407,0.9444444444444444,0.9473684210526315,36,"{'d_model': 16, 'lr': 0.001}",16,2,0,18,E3_F3_cross_attn,all
7,0.9444444444444444,0.5,0.0,36,"{'d_model': 16, 'lr': 0.001}",18,0,18,0,E3_F3_cross_attn,all
8,1.0,0.9444444444444444,0.9473684210526315,36,"{'d_model': 32, 'lr': 0.001}",16,2,0,18,E3_F3_cross_attn,all
9,1.0,1.0,1.0,36,"{'d_model': 16, 'lr': 0.001}",18,0,0,18,E3_F3_cross_attn,all
10,0.7654320987654321,0.6111111111111112,0.7083333333333334,36,"{'d_model': 32, 'lr': 0.001}",5,13,1,17,E3_F3_cross_attn,all
11,0.7839506172839505,0.6944444444444444,0.6206896551724138,36,"{'d_model': 32, 'lr': 0.001}",16,2,9,9,E3_F3_cross_attn,all
12,0.9411764705882353,0.857843137254902,0.8571428571428571,35,"{'d_model': 32, 'lr': 0.001}",15,2,3,15,E3_F3_cross_attn,all
13,0.8271604938271606,0.5277777777777778,0.6792452830188679,36,"{'d_model': 32, 'lr': 0.001}",1,17,0,18,E3_F3_cross_attn,all
14,0.9771241830065358,0.7647058823529411,0.8181818181818182,35,"{'d_model': 32, 'lr': 0.001}",9,8,0,18,E3_F3_cross_attn,all
15,1.0,1.0,1.0,36,"{'d_model': 32, 'lr': 0.001}",18,0,0,18,E3_F3_cross_attn,all
16,1.0,0.6666666666666666,0.5,36,"{'d_model': 32, 'lr': 0.001}",18,0,12,6,E3_F3_cross_attn,all
17,0.9783950617283951,0.8888888888888888,0.9,36,"{'d_model': 32, 'lr': 0.001}",14,4,0,18,E3_F3_cross_attn,all
18,0.6697530864197531,0.6388888888888888,0.6285714285714286,36,"{'d_model': 32, 'lr': 0.001}",12,6,7,11,E3_F3_cross_attn,all
19,0.8950617283950618,0.8611111111111112,0.8648648648648649,36,"{'d_model': 32, 'lr': 0.001}",15,3,2,16,E3_F3_cross_attn,all
20,1.0,0.75,0.6666666666666666,36,"{'d_model': 16, 'lr': 0.001}",18,0,9,9,E3_F3_cross_attn,all
1,1.0,0.8125,0.7692307692307693,16,{'C': 1.0},8,0,3,5,E1_gaze_logreg,easy
2,1.0,0.625,0.7272727272727273,16,{'C': 1.0},2,6,0,8,E1_gaze_logreg,easy
3,1.0,1.0,1.0,16,{'C': 0.1},8,0,0,8,E1_gaze_logreg,easy
4,1.0,0.875,0.8888888888888888,16,{'C': 10.0},6,2,0,8,E1_gaze_logreg,easy
5,1.0,0.9375,0.9333333333333333,16,{'C': 10.0},8,0,1,7,E1_gaze_logreg,easy
6,1.0,0.8333333333333333,0.8,18,{'C': 10.0},9,0,3,6,E1_gaze_logreg,easy
7,1.0,0.5,0.0,18,{'C': 0.1},9,0,9,0,E1_gaze_logreg,easy
8,1.0,0.6111111111111112,0.72,18,{'C': 0.1},2,7,0,9,E1_gaze_logreg,easy
9,1.0,1.0,1.0,18,{'C': 1.0},9,0,0,9,E1_gaze_logreg,easy
10,0.851851851851852,0.5,0.6666666666666666,18,{'C': 0.1},0,9,0,9,E1_gaze_logreg,easy
11,0.5555555555555556,0.3888888888888889,0.0,18,{'C': 1.0},7,2,9,0,E1_gaze_logreg,easy
12,1.0,1.0,1.0,17,{'C': 0.1},8,0,0,9,E1_gaze_logreg,easy
13,0.7901234567901235,0.6111111111111112,0.72,18,{'C': 10.0},2,7,0,9,E1_gaze_logreg,easy
14,1.0,0.75,0.8181818181818182,17,{'C': 1.0},4,4,0,9,E1_gaze_logreg,easy
15,1.0,1.0,1.0,18,{'C': 10.0},9,0,0,9,E1_gaze_logreg,easy
16,1.0,1.0,1.0,18,{'C': 10.0},9,0,0,9,E1_gaze_logreg,easy
17,0.9753086419753085,0.8333333333333333,0.8571428571428571,18,{'C': 10.0},6,3,0,9,E1_gaze_logreg,easy
18,0.4938271604938272,0.5,0.0,18,{'C': 10.0},9,0,9,0,E1_gaze_logreg,easy
19,0.5802469135802469,0.6111111111111112,0.631578947368421,18,{'C': 1.0},5,4,3,6,E1_gaze_logreg,easy
20,0.7901234567901235,0.7222222222222222,0.7368421052631579,18,{'C': 1.0},6,3,2,7,E1_gaze_logreg,easy
1,1.0,1.0,1.0,16,"{'epochs': 30, 'hidden': [16], 'lr': 0.001}",8,0,0,8,E2_face_mlp,easy
2,0.4375,0.5,0.42857142857142855,16,"{'epochs': 30, 'hidden': [16], 'lr': 0.001}",5,3,5,3,E2_face_mlp,easy
3,0.90625,0.8125,0.8421052631578947,16,"{'epochs': 30, 'hidden': [16], 'lr': 0.001}",5,3,0,8,E2_face_mlp,easy
4,0.71875,0.6875,0.7619047619047619,16,"{'epochs': 30, 'hidden': [16], 'lr': 0.001}",3,5,0,8,E2_face_mlp,easy
5,1.0,0.75,0.6666666666666666,16,"{'epochs': 30, 'hidden': [16], 'lr': 0.001}",8,0,4,4,E2_face_mlp,easy
6,0.9629629629629629,0.8333333333333333,0.8571428571428571,18,"{'epochs': 30, 'hidden': [16], 'lr': 0.001}",6,3,0,9,E2_face_mlp,easy
7,0.8765432098765432,0.6111111111111112,0.36363636363636365,18,"{'epochs': 30, 'hidden': [16], 'lr': 0.001}",9,0,7,2,E2_face_mlp,easy
8,0.962962962962963,0.8333333333333333,0.8,18,"{'epochs': 30, 'hidden': [16], 'lr': 0.001}",9,0,3,6,E2_face_mlp,easy
9,1.0,0.9444444444444444,0.9473684210526315,18,"{'epochs': 30, 'hidden': [16], 'lr': 0.001}",8,1,0,9,E2_face_mlp,easy
10,0.654320987654321,0.6111111111111112,0.631578947368421,18,"{'epochs': 30, 'hidden': [16], 'lr': 0.001}",5,4,3,6,E2_face_mlp,easy
11,0.3950617283950617,0.38888888888888884,0.42105263157894735,18,"{'epochs': 30, 'hidden': [16], 'lr': 0.001}",3,6,5,4,E2_face_mlp,easy
12,0.75,0.5,0.6923076923076923,17,"{'epochs': 30, 'hidden': [16], 'lr': 0.001}",0,8,0,9,E2_face_mlp,easy
13,1.0,0.5,0.6666666666666666,18,"{'epochs': 30, 'hidden': [16], 'lr': 0.001}",0,9,0,9,E2_face_mlp,easy
14,0.9722222222222222,0.8333333333333333,0.8,17,"{'epochs': 30, 'hidden': [16], 'lr': 0.001}",8,0,3,6,E2_face_mlp,easy
15,1.0,1.0,1.0,18,"{'epochs': 30, 'hidden': [16], 'lr': 0.001}",9,0,0,9,E2_face_mlp,easy
16,1.0,0.5,0.0,18,"{'epochs': 30, 'hidden': [16], 'lr': 0.001}",9,0,9,0,E2_face_mlp,easy
17,0.8024691358024691,0.6111111111111112,0.5333333333333333,18,"{'epochs': 30, 'hidden': [16], 'lr': 0.001}",7,2,5,4,E2_face_mlp,easy
18,1.0,0.8333333333333333,0.8571428571428571,18,"{'epochs': 30, 'hidden': [16], 'lr': 0.001}",6,3,0,9,E2_face_mlp,easy
19,0.888888888888889,0.6666666666666666,0.5714285714285714,18,"{'epochs': 30, 'hidden': [16], 'lr': 0.001}",8,1,5,4,E2_face_mlp,easy
20,1.0,0.7777777777777778,0.7142857142857143,18,"{'epochs': 30, 'hidden': [16], 'lr': 0.001}",9,0,4,5,E2_face_mlp,easy
1,1.0,0.875,0.8571428571428571,16,"{'d_model': 32, 'lr': 0.001}",8,0,2,6,E3_F3_cross_attn,easy
2,1.0,0.5,0.6666666666666666,16,"{'d_model': 32, 'lr': 0.001}",0,8,0,8,E3_F3_cross_attn,easy
3,0.71875,0.6875,0.7619047619047619,16,"{'d_model': 32, 'lr': 0.001}",3,5,0,8,E3_F3_cross_attn,easy
4,1.0,0.75,0.8,16,"{'d_model': 32, 'lr': 0.001}",4,4,0,8,E3_F3_cross_attn,easy
5,1.0,0.75,0.6666666666666666,16,"{'d_model': 16, 'lr': 0.001}",8,0,4,4,E3_F3_cross_attn,easy
6,1.0,0.8888888888888888,0.875,18,"{'d_model': 32, 'lr': 0.001}",9,0,2,7,E3_F3_cross_attn,easy
7,1.0,0.5555555555555556,0.2,18,"{'d_model': 32, 'lr': 0.001}",9,0,8,1,E3_F3_cross_attn,easy
8,1.0,0.5555555555555556,0.6923076923076923,18,"{'d_model': 32, 'lr': 0.001}",1,8,0,9,E3_F3_cross_attn,easy
9,1.0,1.0,1.0,18,"{'d_model': 32, 'lr': 0.001}",9,0,0,9,E3_F3_cross_attn,easy
10,0.8148148148148149,0.6666666666666666,0.75,18,"{'d_model': 32, 'lr': 0.001}",3,6,0,9,E3_F3_cross_attn,easy
11,0.45679012345679015,0.5,0.0,18,"{'d_model': 32, 'lr': 0.001}",9,0,9,0,E3_F3_cross_attn,easy
12,1.0,0.875,0.9,17,"{'d_model': 32, 'lr': 0.001}",6,2,0,9,E3_F3_cross_attn,easy
13,0.6049382716049383,0.5,0.6666666666666666,18,"{'d_model': 32, 'lr': 0.001}",0,9,0,9,E3_F3_cross_attn,easy
14,0.9166666666666666,0.8194444444444444,0.8421052631578947,17,"{'d_model': 32, 'lr': 0.001}",6,2,1,8,E3_F3_cross_attn,easy
15,1.0,1.0,1.0,18,"{'d_model': 16, 'lr': 0.001}",9,0,0,9,E3_F3_cross_attn,easy
16,1.0,0.8888888888888888,0.875,18,"{'d_model': 16, 'lr': 0.001}",9,0,2,7,E3_F3_cross_attn,easy
17,0.9259259259259259,0.7777777777777778,0.7777777777777778,18,"{'d_model': 32, 'lr': 0.001}",7,2,2,7,E3_F3_cross_attn,easy
18,0.9753086419753085,0.8333333333333333,0.8,18,"{'d_model': 32, 'lr': 0.001}",9,0,3,6,E3_F3_cross_attn,easy
19,0.8765432098765433,0.611111111111111,0.46153846153846156,18,"{'d_model': 32, 'lr': 0.001}",8,1,6,3,E3_F3_cross_attn,easy
20,1.0,0.8888888888888888,0.875,18,"{'d_model': 16, 'lr': 0.001}",9,0,2,7,E3_F3_cross_attn,easy
1,1.0,1.0,1.0,16,{'C': 0.1},8,0,0,8,E1_gaze_logreg,hard
2,0.96875,0.875,0.8888888888888888,16,{'C': 0.1},6,2,0,8,E1_gaze_logreg,hard
3,1.0,1.0,1.0,16,{'C': 0.1},8,0,0,8,E1_gaze_logreg,hard
4,0.328125,0.5,0.0,16,{'C': 0.1},8,0,8,0,E1_gaze_logreg,hard
5,1.0,0.75,0.6666666666666666,17,{'C': 0.1},9,0,4,4,E1_gaze_logreg,hard
6,1.0,0.9444444444444444,0.9411764705882353,18,{'C': 1.0},9,0,1,8,E1_gaze_logreg,hard
7,0.654320987654321,0.5,0.0,18,{'C': 1.0},9,0,9,0,E1_gaze_logreg,hard
8,0.9876543209876543,0.7222222222222222,0.782608695652174,18,{'C': 1.0},4,5,0,9,E1_gaze_logreg,hard
9,1.0,1.0,1.0,18,{'C': 1.0},9,0,0,9,E1_gaze_logreg,hard
10,0.6049382716049383,0.5555555555555556,0.6923076923076923,18,{'C': 1.0},1,8,0,9,E1_gaze_logreg,hard
11,1.0,0.8888888888888888,0.875,18,{'C': 1.0},9,0,2,7,E1_gaze_logreg,hard
12,0.6296296296296297,0.5,0.5714285714285714,18,{'C': 1.0},3,6,3,6,E1_gaze_logreg,hard
13,0.8765432098765431,0.6666666666666666,0.75,18,{'C': 1.0},3,6,0,9,E1_gaze_logreg,hard
14,1.0,0.5,0.6666666666666666,18,{'C': 0.1},0,9,0,9,E1_gaze_logreg,hard
15,0.9259259259259259,0.7777777777777778,0.7142857142857143,18,{'C': 1.0},9,0,4,5,E1_gaze_logreg,hard
16,0.9259259259259259,0.8333333333333333,0.8571428571428571,18,{'C': 0.1},6,3,0,9,E1_gaze_logreg,hard
17,1.0,0.7777777777777778,0.8181818181818182,18,{'C': 0.1},5,4,0,9,E1_gaze_logreg,hard
18,0.9753086419753086,0.5555555555555556,0.6923076923076923,18,{'C': 0.1},1,8,0,9,E1_gaze_logreg,hard
19,0.04938271604938273,0.5,0.6666666666666666,18,{'C': 0.1},0,9,0,9,E1_gaze_logreg,hard
20,0.925925925925926,0.7222222222222222,0.6153846153846154,18,{'C': 0.1},9,0,5,4,E1_gaze_logreg,hard
1,1.0,1.0,1.0,16,"{'epochs': 30, 'hidden': [16], 'lr': 0.001}",8,0,0,8,E2_face_mlp,hard
2,1.0,0.9375,0.9411764705882353,16,"{'epochs': 30, 'hidden': [32, 16], 'lr': 0.001}",7,1,0,8,E2_face_mlp,hard
3,0.75,0.8125,0.8421052631578947,16,"{'epochs': 30, 'hidden': [32, 16], 'lr': 0.001}",5,3,0,8,E2_face_mlp,hard
4,0.734375,0.5625,0.6956521739130435,16,"{'epochs': 30, 'hidden': [32, 16], 'lr': 0.001}",1,7,0,8,E2_face_mlp,hard
5,1.0,0.5,0.0,17,"{'epochs': 30, 'hidden': [16], 'lr': 0.001}",9,0,8,0,E2_face_mlp,hard
6,1.0,0.7777777777777778,0.8181818181818182,18,"{'epochs': 30, 'hidden': [16], 'lr': 0.001}",5,4,0,9,E2_face_mlp,hard
7,1.0,0.5,0.0,18,"{'epochs': 30, 'hidden': [32, 16], 'lr': 0.001}",9,0,9,0,E2_face_mlp,hard
8,1.0,0.9444444444444444,0.9411764705882353,18,"{'epochs': 30, 'hidden': [16], 'lr': 0.001}",9,0,1,8,E2_face_mlp,hard
9,1.0,0.8888888888888888,0.875,18,"{'epochs': 30, 'hidden': [32, 16], 'lr': 0.001}",9,0,2,7,E2_face_mlp,hard
10,0.6296296296296295,0.7222222222222222,0.6153846153846154,18,"{'epochs': 30, 'hidden': [32, 16], 'lr': 0.001}",9,0,5,4,E2_face_mlp,hard
11,1.0,0.8333333333333333,0.8571428571428571,18,"{'epochs': 30, 'hidden': [32, 16], 'lr': 0.001}",6,3,0,9,E2_face_mlp,hard
12,0.4691358024691358,0.4444444444444444,0.5833333333333334,18,"{'epochs': 30, 'hidden': [16], 'lr': 0.001}",1,8,2,7,E2_face_mlp,hard
13,0.45679012345679015,0.5,0.6666666666666666,18,"{'epochs': 30, 'hidden': [16], 'lr': 0.001}",0,9,0,9,E2_face_mlp,hard
14,1.0,0.6666666666666666,0.5,18,"{'epochs': 30, 'hidden': [32, 16], 'lr': 0.001}",9,0,6,3,E2_face_mlp,hard
15,1.0,1.0,1.0,18,"{'epochs': 30, 'hidden': [32, 16], 'lr': 0.001}",9,0,0,9,E2_face_mlp,hard
16,0.5679012345679013,0.6111111111111112,0.36363636363636365,18,"{'epochs': 30, 'hidden': [32, 16], 'lr': 0.001}",9,0,7,2,E2_face_mlp,hard
17,0.2962962962962963,0.5,0.6666666666666666,18,"{'epochs': 30, 'hidden': [16], 'lr': 0.001}",0,9,0,9,E2_face_mlp,hard
18,0.40740740740740744,0.4444444444444444,0.4444444444444444,18,"{'epochs': 30, 'hidden': [16], 'lr': 0.001}",4,5,5,4,E2_face_mlp,hard
19,0.8888888888888888,0.6666666666666666,0.75,18,"{'epochs': 30, 'hidden': [16], 'lr': 0.001}",3,6,0,9,E2_face_mlp,hard
20,1.0,0.6111111111111112,0.36363636363636365,18,"{'epochs': 30, 'hidden': [16], 'lr': 0.001}",9,0,7,2,E2_face_mlp,hard
1,1.0,1.0,1.0,16,"{'d_model': 32, 'lr': 0.001}",8,0,0,8,E3_F3_cross_attn,hard
2,1.0,1.0,1.0,16,"{'d_model': 32, 'lr': 0.001}",8,0,0,8,E3_F3_cross_attn,hard
3,1.0,0.9375,0.9411764705882353,16,"{'d_model': 32, 'lr': 0.001}",7,1,0,8,E3_F3_cross_attn,hard
4,0.875,0.6875,0.7619047619047619,16,"{'d_model': 32, 'lr': 0.001}",3,5,0,8,E3_F3_cross_attn,hard
5,0.9722222222222222,0.5,0.0,17,"{'d_model': 16, 'lr': 0.001}",9,0,8,0,E3_F3_cross_attn,hard
6,1.0,1.0,1.0,18,"{'d_model': 32, 'lr': 0.001}",9,0,0,9,E3_F3_cross_attn,hard
7,0.5555555555555556,0.5,0.0,18,"{'d_model': 32, 'lr': 0.001}",9,0,9,0,E3_F3_cross_attn,hard
8,1.0,0.8888888888888888,0.9,18,"{'d_model': 16, 'lr': 0.001}",7,2,0,9,E3_F3_cross_attn,hard
9,1.0,1.0,1.0,18,"{'d_model': 16, 'lr': 0.001}",9,0,0,9,E3_F3_cross_attn,hard
10,0.7901234567901234,0.6666666666666666,0.7272727272727273,18,"{'d_model': 32, 'lr': 0.001}",4,5,1,8,E3_F3_cross_attn,hard
11,1.0,1.0,1.0,18,"{'d_model': 32, 'lr': 0.001}",9,0,0,9,E3_F3_cross_attn,hard
12,0.7530864197530864,0.611111111111111,0.46153846153846156,18,"{'d_model': 32, 'lr': 0.001}",8,1,6,3,E3_F3_cross_attn,hard
13,0.8641975308641976,0.5,0.6666666666666666,18,"{'d_model': 32, 'lr': 0.001}",0,9,0,9,E3_F3_cross_attn,hard
14,0.9753086419753086,0.7777777777777778,0.8181818181818182,18,"{'d_model': 32, 'lr': 0.001}",5,4,0,9,E3_F3_cross_attn,hard
15,1.0,0.9444444444444444,0.9411764705882353,18,"{'d_model': 32, 'lr': 0.001}",9,0,1,8,E3_F3_cross_attn,hard
16,0.7654320987654322,0.5555555555555556,0.2,18,"{'d_model': 32, 'lr': 0.001}",9,0,8,1,E3_F3_cross_attn,hard
17,1.0,0.5,0.6666666666666666,18,"{'d_model': 16, 'lr': 0.001}",0,9,0,9,E3_F3_cross_attn,hard
18,0.2716049382716049,0.5,0.5263157894736842,18,"{'d_model': 32, 'lr': 0.001}",4,5,4,5,E3_F3_cross_attn,hard
19,0.7654320987654322,0.7222222222222222,0.782608695652174,18,"{'d_model': 32, 'lr': 0.001}",4,5,0,9,E3_F3_cross_attn,hard
20,0.8765432098765433,0.6666666666666666,0.5,18,"{'d_model': 32, 'lr': 0.001}",9,0,6,3,E3_F3_cross_attn,hard
